Fondsposition per,"05.Juni2026"
 
Emittententicker,Name,Sektor,Anlageklasse,Marktwert,Gewichtung (%),Nominalwert,Nominale,Kurs,Standort,Börse,Marktwährung
"ASML","ASML HOLDING NV","IT","Aktien","443.286.400,80","4,37","443.286.400,80","303.164,00","1.462,20","Niederlande","Euronext Amsterdam","EUR"
"HSBA","HSBC HOLDINGS PLC","Finanzwesen","Aktien","211.287.020,15","2,08","211.287.020,15","13.407.004,00","15,76","Vereinigtes Königreich","London Stock Exchange","GBP"
"ROP","ROCHE PS PAR AG","Gesundheitsversorgung","Aktien","195.672.835,40","1,93","195.672.835,40","549.127,00","356,33","Schweiz","SIX Swiss Exchange","CHF"
"AZN","ASTRAZENECA PLC","Gesundheitsversorgung","Aktien","194.570.406,08","1,92","194.570.406,08","1.212.354,00","160,49","Vereinigtes Königreich","London Stock Exchange","GBP"
"NOVN","NOVARTIS AG","Gesundheitsversorgung","Aktien","191.270.655,92","1,89","191.270.655,92","1.488.205,00","128,52","Schweiz","SIX Swiss Exchange","CHF"
"NESN","NESTLE SA","Nichtzyklische Konsumgüter","Aktien","168.483.881,97","1,66","168.483.881,97","2.009.630,00","83,84","Schweiz","SIX Swiss Exchange","CHF"
"SHELL","SHELL PLC","Energie","Aktien","166.254.056,55","1,64","166.254.056,55","4.445.890,00","37,40","Vereinigtes Königreich","Euronext Amsterdam","EUR"
"SIE","SIEMENS N AG","Industrie","Aktien","158.100.633,60","1,56","158.100.633,60","588.172,00","268,80","Deutschland","Xetra","EUR"
"TTE","TOTALENERGIES","Energie","Aktien","131.914.612,08","1,30","131.914.612,08","1.704.984,00","77,37","Frankreich","Nyse Euronext - Euronext Paris","EUR"
"SAP","SAP","IT","Aktien","128.459.277,76","1,27","128.459.277,76","795.512,00","161,48","Deutschland","Xetra","EUR"
"SAN","BANCO SANTANDER","Finanzwesen","Aktien","122.489.679,13","1,21","122.489.679,13","11.475.518,00","10,67","Spanien","Bolsa De Madrid","EUR"
"SU","SCHNEIDER ELECTRIC","Industrie","Aktien","120.991.785,00","1,19","120.991.785,00","449.700,00","269,05","Frankreich","Nyse Euronext - Euronext Paris","EUR"
"ABBN","ABB LTD","Industrie","Aktien","111.401.825,43","1,10","111.401.825,43","1.230.592,00","90,53","Schweiz","SIX Swiss Exchange","CHF"
"ALV","ALLIANZ","Finanzwesen","Aktien","110.839.404,80","1,09","110.839.404,80","297.316,00","372,80","Deutschland","Xetra","EUR"
"UBSG","UBS GROUP AG","Finanzwesen","Aktien","99.053.457,04","0,98","99.053.457,04","2.416.341,00","40,99","Schweiz","SIX Swiss Exchange","CHF"
"IBE","IBERDROLA SA","Versorger","Aktien","96.580.949,15","0,95","96.580.949,15","4.865.539,00","19,85","Spanien","Bolsa De Madrid","EUR"
"RR.","ROLLS-ROYCE HOLDINGS PLC","Industrie","Aktien","95.880.659,29","0,95","95.880.659,29","6.570.731,00","14,59","Vereinigtes Königreich","London Stock Exchange","GBP"
"NOVO B","NOVO NORDISK CLASS B","Gesundheitsversorgung","Aktien","95.390.131,44","0,94","95.390.131,44","2.511.813,00","37,98","Dänemark","Omx Nordic Exchange Copenhagen A/S","DKK"
"ENR","SIEMENS ENERGY N AG","Industrie","Aktien","95.306.286,56","0,94","95.306.286,56","603.128,00","158,02","Deutschland","Xetra","EUR"
"MC","LVMH","Zyklische Konsumgüter ","Aktien","93.645.173,05","0,92","93.645.173,05","195.481,00","479,05","Frankreich","Nyse Euronext - Euronext Paris","EUR"
"BBVA","BANCO BILBAO VIZCAYA ARGENTARIA SA","Finanzwesen","Aktien","86.647.326,96","0,85","86.647.326,96","4.464.056,00","19,41","Spanien","Bolsa De Madrid","EUR"
"UCG","UNICREDIT","Finanzwesen","Aktien","86.331.849,45","0,85","86.331.849,45","1.180.203,00","73,15","Italien","Borsa Italiana","EUR"
"BATS","BRITISH AMERICAN TOBACCO","Nichtzyklische Konsumgüter","Aktien","86.291.447,18","0,85","86.291.447,18","1.691.896,00","51,00","Vereinigtes Königreich","London Stock Exchange","GBP"
"SAF","SAFRAN SA","Industrie","Aktien","86.234.262,00","0,85","86.234.262,00","288.892,00","298,50","Frankreich","Nyse Euronext - Euronext Paris","EUR"
"ULVR","UNILEVER PLC","Nichtzyklische Konsumgüter","Aktien","82.636.838,66","0,82","82.636.838,66","1.703.603,00","48,51","Vereinigtes Königreich","London Stock Exchange","GBP"
"AI","LAIR LIQUIDE SOCIETE ANONYME POUR","Materialien","Aktien","82.586.487,20","0,81","82.586.487,20","450.308,00","183,40","Frankreich","Nyse Euronext - Euronext Paris","EUR"
"AIR","AIRBUS GROUP","Industrie","Aktien","82.209.213,12","0,81","82.209.213,12","459.372,00","178,96","Frankreich","Nyse Euronext - Euronext Paris","EUR"
"BP.","BP PLC","Energie","Aktien","81.194.244,67","0,80","81.194.244,67","12.840.615,00","6,32","Vereinigtes Königreich","London Stock Exchange","GBP"
"IFX","INFINEON TECHNOLOGIES AG","IT","Aktien","78.653.213,80","0,78","78.653.213,80","1.017.506,00","77,30","Deutschland","Xetra","EUR"
"BNP","BNP PARIBAS SA","Finanzwesen","Aktien","76.032.562,00","0,75","76.032.562,00","811.880,00","93,65","Frankreich","Nyse Euronext - Euronext Paris","EUR"
"DTE","DEUTSCHE TELEKOM N AG","Kommunikation","Aktien","76.026.635,58","0,75","76.026.635,58","2.748.613,00","27,66","Deutschland","Xetra","EUR"
"CFR","COMPAGNIE FINANCIERE RICHEMONT SA","Zyklische Konsumgüter ","Aktien","74.908.058,24","0,74","74.908.058,24","417.628,00","179,37","Schweiz","SIX Swiss Exchange","CHF"
"RIO","RIO TINTO PLC","Materialien","Aktien","73.800.593,37","0,73","73.800.593,37","838.052,00","88,06","Vereinigtes Königreich","London Stock Exchange","GBP"
"GSK","GLAXOSMITHKLINE","Gesundheitsversorgung","Aktien","71.524.856,50","0,71","71.524.856,50","3.186.812,00","22,44","Vereinigtes Königreich","London Stock Exchange","GBP"
"OR","LOREAL SA","Nichtzyklische Konsumgüter","Aktien","70.545.560,50","0,70","70.545.560,50","187.871,00","375,50","Frankreich","Nyse Euronext - Euronext Paris","EUR"
"SAN","SANOFI SA","Gesundheitsversorgung","Aktien","68.655.242,00","0,68","68.655.242,00","880.760,00","77,95","Frankreich","Nyse Euronext - Euronext Paris","EUR"
"ZURN","ZURICH INSURANCE GROUP AG","Finanzwesen","Aktien","68.469.470,31","0,68","68.469.470,31","114.235,00","599,37","Schweiz","SIX Swiss Exchange","CHF"
"ISP","INTESA SANPAOLO","Finanzwesen","Aktien","67.854.100,61","0,67","67.854.100,61","11.960.885,00","5,67","Italien","Borsa Italiana","EUR"
"INGA","ING GROEP NV","Finanzwesen","Aktien","59.104.551,66","0,58","59.104.551,66","2.275.878,00","25,97","Niederlande","Euronext Amsterdam","EUR"
"ENEL","ENEL","Versorger","Aktien","58.491.238,97","0,58","58.491.238,97","6.068.815,00","9,64","Italien","Borsa Italiana","EUR"
"NG.","NATIONAL GRID PLC","Versorger","Aktien","56.970.227,99","0,56","56.970.227,99","4.040.473,00","14,10","Vereinigtes Königreich","London Stock Exchange","GBP"
"BARC","BARCLAYS PLC","Finanzwesen","Aktien","56.855.501,34","0,56","56.855.501,34","10.727.345,00","5,30","Vereinigtes Königreich","London Stock Exchange","GBP"
"DG","VINCI SA","Industrie","Aktien","56.301.651,00","0,56","56.301.651,00","453.132,00","124,25","Frankreich","Nyse Euronext - Euronext Paris","EUR"
"NOKIA","NOKIA","IT","Aktien","55.449.612,36","0,55","55.449.612,36","4.239.267,00","13,08","Finnland","Nasdaq Omx Helsinki Ltd.","EUR"
"CS","AXA SA","Finanzwesen","Aktien","54.386.396,48","0,54","54.386.396,48","1.376.174,00","39,52","Frankreich","Nyse Euronext - Euronext Paris","EUR"
"ABI","ANHEUSER-BUSCH INBEV SA","Nichtzyklische Konsumgüter","Aktien","54.095.346,50","0,53","54.095.346,50","799.045,00","67,70","Belgien","Nyse Euronext - Euronext Brussels","EUR"
"LLOY","LLOYDS BANKING GROUP PLC","Finanzwesen","Aktien","52.513.877,81","0,52","52.513.877,81","45.728.904,00","1,15","Vereinigtes Königreich","London Stock Exchange","GBP"
"BA.","BAE SYSTEMS PLC","Industrie","Aktien","52.241.522,58","0,52","52.241.522,58","2.336.680,00","22,36","Vereinigtes Königreich","London Stock Exchange","GBP"
"GLEN","GLENCORE PLC","Materialien","Aktien","50.524.375,06","0,50","50.524.375,06","7.391.881,00","6,84","Vereinigtes Königreich","London Stock Exchange","GBP"
"INVE B","INVESTOR CLASS B","Finanzwesen","Aktien","49.467.737,34","0,49","49.467.737,34","1.419.283,00","34,85","Schweden","Nasdaq Omx Nordic","SEK"
"ITX","INDUSTRIA DE DISENO TEXTIL SA","Zyklische Konsumgüter ","Aktien","47.673.780,00","0,47","47.673.780,00","866.796,00","55,00","Spanien","Bolsa De Madrid","EUR"
"MUV2","MUENCHENER RUECKVERSICHERUNGS-GESE","Finanzwesen","Aktien","46.058.406,60","0,45","46.058.406,60","102.786,00","448,10","Deutschland","Xetra","EUR"
"RMS","HERMES INTERNATIONAL","Zyklische Konsumgüter ","Aktien","44.396.218,00","0,44","44.396.218,00","27.422,00","1.619,00","Frankreich","Nyse Euronext - Euronext Paris","EUR"
"NWG","NATWEST GROUP PLC","Finanzwesen","Aktien","44.021.818,15","0,43","44.021.818,15","6.401.489,00","6,88","Vereinigtes Königreich","London Stock Exchange","GBP"
"RHM","RHEINMETALL AG","Industrie","Aktien","43.561.268,60","0,43","43.561.268,60","36.007,00","1.209,80","Deutschland","Xetra","EUR"
"NDA FI","NORDEA BANK","Finanzwesen","Aktien","43.413.330,45","0,43","43.413.330,45","2.691.465,00","16,13","Finnland","Nasdaq Omx Helsinki Ltd.","EUR"
"REL","RELX PLC","Industrie","Aktien","43.291.967,68","0,43","43.291.967,68","1.428.969,00","30,30","Vereinigtes Königreich","London Stock Exchange","GBP"
"EL","ESSILORLUXOTTICA SA","Gesundheitsversorgung","Aktien","42.592.123,60","0,42","42.592.123,60","244.712,00","174,05","Frankreich","Nyse Euronext - Euronext Paris","EUR"
"LSEG","LONDON STOCK EXCHANGE GROUP PLC","Finanzwesen","Aktien","42.054.352,72","0,41","42.054.352,72","386.969,00","108,68","Vereinigtes Königreich","London Stock Exchange","GBP"
"GLE","SOCIETE GENERALE SA","Finanzwesen","Aktien","41.839.830,00","0,41","41.839.830,00","595.500,00","70,26","Frankreich","Nyse Euronext - Euronext Paris","EUR"
"DBK","DEUTSCHE BANK AG","Finanzwesen","Aktien","40.828.228,85","0,40","40.828.228,85","1.483.045,00","27,53","Deutschland","Xetra","EUR"
"CPG","COMPASS GROUP PLC","Zyklische Konsumgüter ","Aktien","39.749.574,72","0,39","39.749.574,72","1.400.382,00","28,38","Vereinigtes Königreich","London Stock Exchange","USD"
"ENGI","ENGIE SA","Versorger","Aktien","39.163.567,02","0,39","39.163.567,02","1.453.733,00","26,94","Frankreich","Nyse Euronext - Euronext Paris","EUR"
"PRX","PROSUS NV CLASS N","Zyklische Konsumgüter ","Aktien","38.721.623,60","0,38","38.721.623,60","964.424,00","40,15","Niederlande","Euronext Amsterdam","EUR"
"DHL","DEUTSCHE POST AG","Industrie","Aktien","38.704.389,12","0,38","38.704.389,12","742.032,00","52,16","Deutschland","Xetra","EUR"
"AAL","ANGLO AMERICAN PLC","Materialien","Aktien","38.351.773,14","0,38","38.351.773,14","858.819,00","44,66","Vereinigtes Königreich","London Stock Exchange","GBP"
"ARGX","ARGENX","Gesundheitsversorgung","Aktien","37.200.790,00","0,37","37.200.790,00","48.565,00","766,00","Belgien","Nyse Euronext - Euronext Brussels","EUR"
"VOLV B","VOLVO CLASS B","Industrie","Aktien","36.751.945,60","0,36","36.751.945,60","1.246.157,00","29,49","Schweden","Nasdaq Omx Nordic","SEK"
"DB1","DEUTSCHE BOERSE AG","Finanzwesen","Aktien","35.828.859,50","0,35","35.828.859,50","145.705,00","245,90","Deutschland","Xetra","EUR"
"BAS","BASF N","Materialien","Aktien","35.705.270,44","0,35","35.705.270,44","700.378,00","50,98","Deutschland","Xetra","EUR"
"ENI","ENI","Energie","Aktien","35.375.043,75","0,35","35.375.043,75","1.502.125,00","23,55","Italien","Borsa Italiana","EUR"
"EUR","EUR CASH","Cash und/oder Derivate","Geldmarkt","34.286.474,86","0,34","34.286.474,86","34.286.475,00","100,00","Europäische Union","-","EUR"
"HOLN","HOLCIM LTD AG","Materialien","Aktien","33.780.358,39","0,33","33.780.358,39","416.563,00","81,09","Schweiz","SIX Swiss Exchange","CHF"
"PRY","PRYSMIAN","Industrie","Aktien","33.424.395,30","0,33","33.424.395,30","229.958,00","145,35","Italien","Borsa Italiana","EUR"
"ASM","ASM INTERNATIONAL NV","IT","Aktien","33.397.707,00","0,33","33.397.707,00","38.521,00","867,00","Niederlande","Euronext Amsterdam","EUR"
"G","ASSICURAZIONI GENERALI","Finanzwesen","Aktien","33.388.553,48","0,33","33.388.553,48","860.308,00","38,81","Italien","Borsa Italiana","EUR"
"ATCO A","ATLAS COPCO CLASS A","Industrie","Aktien","33.199.023,23","0,33","33.199.023,23","2.019.015,00","16,44","Schweden","Nasdaq Omx Nordic","SEK"
"DSV","DSV","Industrie","Aktien","33.049.346,73","0,33","33.049.346,73","153.287,00","215,60","Dänemark","Omx Nordic Exchange Copenhagen A/S","DKK"
"STMMI","STMICROELECTRONICS NV","IT","Aktien","32.527.163,46","0,32","32.527.163,46","517.866,00","62,81","Frankreich","Borsa Italiana","EUR"
"BN","DANONE SA","Nichtzyklische Konsumgüter","Aktien","32.358.874,62","0,32","32.358.874,62","502.311,00","64,42","Frankreich","Nyse Euronext - Euronext Paris","EUR"
"EOAN","E.ON N","Versorger","Aktien","31.991.465,72","0,32","31.991.465,72","1.750.559,00","18,27","Deutschland","Xetra","EUR"
"STAN","STANDARD CHARTERED PLC","Finanzwesen","Aktien","31.634.237,32","0,31","31.634.237,32","1.413.119,00","22,39","Vereinigtes Königreich","London Stock Exchange","GBP"
"CABK","CAIXABANK SA","Finanzwesen","Aktien","31.570.613,40","0,31","31.570.613,40","2.747.660,00","11,49","Spanien","Bolsa De Madrid","EUR"
"DGE","DIAGEO PLC","Nichtzyklische Konsumgüter","Aktien","30.266.776,44","0,30","30.266.776,44","1.748.148,00","17,31","Vereinigtes Königreich","London Stock Exchange","GBP"
"SGO","COMPAGNIE DE SAINT GOBAIN SA","Industrie","Aktien","29.839.975,28","0,29","29.839.975,28","386.228,00","77,26","Frankreich","Nyse Euronext - Euronext Paris","EUR"
"SREN","SWISS RE AG","Finanzwesen","Aktien","29.713.639,56","0,29","29.713.639,56","230.858,00","128,71","Schweiz","SIX Swiss Exchange","CHF"
"RWE","RWE AG","Versorger","Aktien","29.575.952,00","0,29","29.575.952,00","528.142,00","56,00","Deutschland","Xetra","EUR"
"LR","LEGRAND SA","Industrie","Aktien","29.211.696,00","0,29","29.211.696,00","202.859,00","144,00","Frankreich","Nyse Euronext - Euronext Paris","EUR"
"LONN","LONZA GROUP AG","Gesundheitsversorgung","Aktien","28.974.930,48","0,29","28.974.930,48","54.773,00","529,00","Schweiz","SIX Swiss Exchange","CHF"
"SAND","SANDVIK","Industrie","Aktien","28.914.500,50","0,29","28.914.500,50","829.916,00","34,84","Schweden","Nasdaq Omx Nordic","SEK"
"RACE","FERRARI NV","Zyklische Konsumgüter ","Aktien","28.302.486,40","0,28","28.302.486,40","94.216,00","300,40","Italien","Borsa Italiana","EUR"
"RKT","RECKITT BENCKISER GROUP PLC","Nichtzyklische Konsumgüter","Aktien","27.647.595,66","0,27","27.647.595,66","524.801,00","52,68","Vereinigtes Königreich","London Stock Exchange","GBP"
"BAYN","BAYER AG","Gesundheitsversorgung","Aktien","27.633.255,04","0,27","27.633.255,04","764.194,00","36,16","Deutschland","Xetra","EUR"
"HLN","HALEON PLC","Gesundheitsversorgung","Aktien","27.242.165,16","0,27","27.242.165,16","6.980.153,00","3,90","Vereinigtes Königreich","London Stock Exchange","GBP"
"MBG","MERCEDES-BENZ GROUP N AG","Zyklische Konsumgüter ","Aktien","27.233.514,88","0,27","27.233.514,88","567.424,00","47,99","Deutschland","Xetra","EUR"
"ORA","ORANGE SA","Kommunikation","Aktien","26.685.697,17","0,26","26.685.697,17","1.530.582,00","17,43","Frankreich","Nyse Euronext - Euronext Paris","EUR"
"TSCO","TESCO PLC","Nichtzyklische Konsumgüter","Aktien","26.445.403,09","0,26","26.445.403,09","5.026.442,00","5,26","Vereinigtes Königreich","London Stock Exchange","GBP"
"SSE","SSE PLC","Versorger","Aktien","26.405.863,16","0,26","26.405.863,16","950.041,00","27,79","Vereinigtes Königreich","London Stock Exchange","GBP"
"AD","KONINKLIJKE AHOLD DELHAIZE NV","Nichtzyklische Konsumgüter","Aktien","25.297.946,85","0,25","25.297.946,85","705.661,00","35,85","Niederlande","Euronext Amsterdam","EUR"
"UCB","UCB SA","Gesundheitsversorgung","Aktien","25.129.602,00","0,25","25.129.602,00","96.282,00","261,00","Belgien","Nyse Euronext - Euronext Brussels","EUR"
"ERIC B","ERICSSON B","IT","Aktien","25.074.597,20","0,25","25.074.597,20","2.259.030,00","11,10","Schweden","Nasdaq Omx Nordic","SEK"
"EBS","ERSTE GROUP BANK AG","Finanzwesen","Aktien","24.072.319,80","0,24","24.072.319,80","234.623,00","102,60","Österreich","Wiener Boerse Ag","EUR"
"SDZ","SANDOZ GROUP AG","Gesundheitsversorgung","Aktien","23.811.341,21","0,23","23.811.341,21","339.407,00","70,16","Schweiz","SIX Swiss Exchange","CHF"
"ASSA B","ASSA ABLOY B","Industrie","Aktien","23.375.757,79","0,23","23.375.757,79","779.753,00","29,98","Schweden","Nasdaq Omx Nordic","SEK"
"SUNB","SUNBELT RENTALS HOLDINGS INC","Industrie","Aktien","22.782.738,88","0,22","22.782.738,88","330.186,00","69,00","Vereinigtes Königreich","London Stock Exchange","GBP"
"ALC","ALCON AG","Gesundheitsversorgung","Aktien","22.750.404,55","0,22","22.750.404,55","393.146,00","57,87","Schweiz","SIX Swiss Exchange","CHF"
"FER","FERROVIAL NV","Industrie","Aktien","22.628.263,14","0,22","22.628.263,14","387.603,00","58,38","Spanien","Bolsa De Madrid","EUR"
"ADS","ADIDAS N AG","Zyklische Konsumgüter ","Aktien","22.516.139,90","0,22","22.516.139,90","139.462,00","161,45","Deutschland","Xetra","EUR"
"DANSKE","DANSKE BANK","Finanzwesen","Aktien","22.100.197,02","0,22","22.100.197,02","500.407,00","44,16","Dänemark","Omx Nordic Exchange Copenhagen A/S","DKK"
"SWED A","SWEDBANK","Finanzwesen","Aktien","21.981.402,59","0,22","21.981.402,59","712.952,00","30,83","Schweden","Nasdaq Omx Nordic","SEK"
"PRU","PRUDENTIAL PLC","Finanzwesen","Aktien","21.800.121,21","0,22","21.800.121,21","1.980.224,00","11,01","Vereinigtes Königreich","London Stock Exchange","GBP"
"EXPN","EXPERIAN PLC","Industrie","Aktien","21.766.907,38","0,21","21.766.907,38","717.379,00","30,34","Vereinigtes Königreich","London Stock Exchange","GBP"
"GALD","GALDERMA GROUP N AG","Gesundheitsversorgung","Aktien","21.385.302,84","0,21","21.385.302,84","121.553,00","175,93","Schweiz","SIX Swiss Exchange","CHF"
"EQNR","EQUINOR","Energie","Aktien","21.231.854,77","0,21","21.231.854,77","653.182,00","32,51","Norwegen","Oslo Bors Asa","NOK"
"SEB A","SKANDINAVISKA ENSKILDA BANKEN","Finanzwesen","Aktien","21.224.753,82","0,21","21.224.753,82","1.249.324,00","16,99","Schweden","Nasdaq Omx Nordic","SEK"
"SLHN","SWISS LIFE HOLDING AG","Finanzwesen","Aktien","20.636.592,64","0,20","20.636.592,64","22.525,00","916,16","Schweiz","SIX Swiss Exchange","CHF"
"SIKA","SIKA AG","Materialien","Aktien","20.574.961,66","0,20","20.574.961,66","126.461,00","162,70","Schweiz","SIX Swiss Exchange","CHF"
"MT","ARCELORMITTAL SA","Materialien","Aktien","20.269.110,96","0,20","20.269.110,96","342.268,00","59,22","Frankreich","Euronext Amsterdam","EUR"
"ACS","ACS ACTIVIDADES DE CONSTRUCCION Y","Industrie","Aktien","20.203.550,70","0,20","20.203.550,70","160.473,00","125,90","Spanien","Bolsa De Madrid","EUR"
"CBK","COMMERZBANK AG","Finanzwesen","Aktien","20.133.984,50","0,20","20.133.984,50","542.695,00","37,10","Deutschland","Xetra","EUR"
"ADYEN","ADYEN NV","Finanzwesen","Aktien","19.893.063,80","0,20","19.893.063,80","24.337,00","817,40","Niederlande","Euronext Amsterdam","EUR"
"KBC","KBC GROEP","Finanzwesen","Aktien","19.722.500,00","0,19","19.722.500,00","175.000,00","112,70","Belgien","Nyse Euronext - Euronext Brussels","EUR"
"REP","REPSOL SA","Energie","Aktien","19.657.028,28","0,19","19.657.028,28","851.691,00","23,08","Spanien","Bolsa De Madrid","EUR"
"III","3I GROUP PLC","Finanzwesen","Aktien","19.599.191,70","0,19","19.599.191,70","766.118,00","25,58","Vereinigtes Königreich","London Stock Exchange","GBP"
"VOD","VODAFONE GROUP PLC","Kommunikation","Aktien","19.064.157,29","0,19","19.064.157,29","14.910.828,00","1,28","Vereinigtes Königreich","London Stock Exchange","GBP"
"AMS","AMADEUS IT GROUP SA","Zyklische Konsumgüter ","Aktien","19.017.589,36","0,19","19.017.589,36","354.277,00","53,68","Spanien","Bolsa De Madrid","EUR"
"GIVN","GIVAUDAN SA","Materialien","Aktien","18.774.370,16","0,19","18.774.370,16","6.007,00","3.125,41","Schweiz","SIX Swiss Exchange","CHF"
"IMB","IMPERIAL BRANDS PLC","Nichtzyklische Konsumgüter","Aktien","18.648.220,79","0,18","18.648.220,79","583.209,00","31,98","Vereinigtes Königreich","London Stock Exchange","GBP"
"EQT","EQT","Finanzwesen","Aktien","18.453.726,17","0,18","18.453.726,17","684.010,00","26,98","Schweden","Nasdaq Omx Nordic","SEK"
"VIE","VEOLIA ENVIRON. SA","Versorger","Aktien","18.314.092,80","0,18","18.314.092,80","525.060,00","34,88","Frankreich","Nyse Euronext - Euronext Paris","EUR"
"VWS","VESTAS WIND SYSTEMS","Industrie","Aktien","18.036.657,89","0,18","18.036.657,89","777.463,00","23,20","Dänemark","Omx Nordic Exchange Copenhagen A/S","DKK"
"DNB","DNB BANK","Finanzwesen","Aktien","17.872.956,70","0,18","17.872.956,70","684.410,00","26,11","Norwegen","Oslo Bors Asa","NOK"
"HO","THALES SA","Industrie","Aktien","17.521.333,20","0,17","17.521.333,20","75.393,00","232,40","Frankreich","Nyse Euronext - Euronext Paris","EUR"
"SAMPO","SAMPO CLASS A","Finanzwesen","Aktien","17.449.594,96","0,17","17.449.594,96","1.964.602,00","8,88","Finnland","Nasdaq Omx Helsinki Ltd.","EUR"
"HEI","HEIDELBERG MATERIALS AG","Materialien","Aktien","17.421.128,25","0,17","17.421.128,25","97.189,00","179,25","Deutschland","Xetra","EUR"
"ML","MICHELIN","Zyklische Konsumgüter ","Aktien","17.238.185,48","0,17","17.238.185,48","540.721,00","31,88","Frankreich","Nyse Euronext - Euronext Paris","EUR"
"DTG","DAIMLER TRUCK HOLDING E AG","Industrie","Aktien","17.049.043,08","0,17","17.049.043,08","414.516,00","41,13","Deutschland","Xetra","EUR"
"ABN","ABN AMRO BANK NV","Finanzwesen","Aktien","16.480.655,10","0,16","16.480.655,10","487.305,00","33,82","Niederlande","Euronext Amsterdam","EUR"
"AV.","AVIVA PLC","Finanzwesen","Aktien","16.406.085,23","0,16","16.406.085,23","2.348.534,00","6,99","Vereinigtes Königreich","London Stock Exchange","GBP"
"IHG","INTERCONTINENTAL HOTELS GROUP PLC","Zyklische Konsumgüter ","Aktien","16.332.295,53","0,16","16.332.295,53","116.678,00","139,98","Vereinigtes Königreich","London Stock Exchange","USD"
"PUB","PUBLICIS GROUPE SA","Kommunikation","Aktien","16.295.405,84","0,16","16.295.405,84","186.361,00","87,44","Frankreich","Nyse Euronext - Euronext Paris","EUR"
"A5G","AIB GROUP PLC","Finanzwesen","Aktien","16.292.210,27","0,16","16.292.210,27","1.610.698,00","10,12","Irland","Irish Stock Exchange - All Market","EUR"
"HLMA","HALMA PLC","IT","Aktien","15.971.470,19","0,16","15.971.470,19","295.692,00","54,01","Vereinigtes Königreich","London Stock Exchange","GBP"
"LDO","LEONARDO FINMECCANICA SPA","Industrie","Aktien","15.944.357,00","0,16","15.944.357,00","307.450,00","51,86","Italien","Borsa Italiana","EUR"
"BESI","BE SEMICONDUCTOR INDUSTRIES NV","IT","Aktien","15.797.922,60","0,16","15.797.922,60","58.209,00","271,40","Niederlande","Euronext Amsterdam","EUR"
"UMG","UNIVERSAL MUSIC GROUP NV","Kommunikation","Aktien","15.677.244,00","0,15","15.677.244,00","863.760,00","18,15","Niederlande","Euronext Amsterdam","EUR"
"PKO","POWSZECHNA KASA OSZCZEDNOSCI BANK","Finanzwesen","Aktien","15.650.675,16","0,15","15.650.675,16","675.375,00","23,17","Polen","Warsaw Stock Exchange/Equities/Main Market","PLN"
"BMW","BMW AG","Zyklische Konsumgüter ","Aktien","15.603.034,86","0,15","15.603.034,86","221.697,00","70,38","Deutschland","Xetra","EUR"
"KNEBV","KONE","Industrie","Aktien","15.543.683,16","0,15","15.543.683,16","308.774,00","50,34","Finnland","Nasdaq Omx Helsinki Ltd.","EUR"
"BMPS","BANCA MONTE DEI PASCHI DI SIENA SP","Finanzwesen","Aktien","15.478.767,91","0,15","15.478.767,91","1.730.438,00","8,95","Italien","Borsa Italiana","EUR"
"SHB A","SVENSKA HANDELSBANKEN-A SHS","Finanzwesen","Aktien","15.343.372,54","0,15","15.343.372,54","1.242.651,00","12,35","Schweden","Nasdaq Omx Nordic","SEK"
"PKN","ORLEN SA","Energie","Aktien","15.235.616,20","0,15","15.235.616,20","451.903,00","33,71","Polen","Warsaw Stock Exchange/Equities/Main Market","PLN"
"RYA","RYANAIR HOLDINGS PLC","Industrie","Aktien","15.198.187,20","0,15","15.198.187,20","636.440,00","23,88","Irland","Irish Stock Exchange - All Market","EUR"
"HEIA","HEINEKEN NV","Nichtzyklische Konsumgüter","Aktien","15.126.821,22","0,15","15.126.821,22","226.653,00","66,74","Niederlande","Euronext Amsterdam","EUR"
"GEBN","GEBERIT AG","Industrie","Aktien","14.964.494,70","0,15","14.964.494,70","27.009,00","554,05","Schweiz","SIX Swiss Exchange","CHF"
"NXT","NEXT PLC","Zyklische Konsumgüter ","Aktien","14.941.739,67","0,15","14.941.739,67","94.693,00","157,79","Vereinigtes Königreich","London Stock Exchange","GBP"
"NN","NN GROUP NV","Finanzwesen","Aktien","14.307.505,20","0,14","14.307.505,20","200.610,00","71,32","Niederlande","Euronext Amsterdam","EUR"
"ACA","CREDIT AGRICOLE SA","Finanzwesen","Aktien","14.242.595,13","0,14","14.242.595,13","861.621,00","16,53","Frankreich","Nyse Euronext - Euronext Paris","EUR"
"SCMN","SWISSCOM AG","Kommunikation","Aktien","14.241.889,30","0,14","14.241.889,30","20.144,00","707,00","Schweiz","SIX Swiss Exchange","CHF"
"AENA","AENA SME SA","Industrie","Aktien","14.153.613,04","0,14","14.153.613,04","567.962,00","24,92","Spanien","Bolsa De Madrid","EUR"
"VACN","VAT GROUP AG","Industrie","Aktien","14.045.849,39","0,14","14.045.849,39","21.361,00","657,54","Schweiz","SIX Swiss Exchange","CHF"
"MRK","MERCK","Gesundheitsversorgung","Aktien","13.964.310,85","0,14","13.964.310,85","102.041,00","136,85","Deutschland","Xetra","EUR"
"VOW3","VOLKSWAGEN NON-VOTING PREF AG","Zyklische Konsumgüter ","Aktien","13.890.490,56","0,14","13.890.490,56","158.134,00","87,84","Deutschland","Xetra","EUR"
"PGHN","PARTNERS GROUP HOLDING AG","Finanzwesen","Aktien","13.728.050,09","0,14","13.728.050,09","17.729,00","774,33","Schweiz","SIX Swiss Exchange","CHF"
"ANTO","ANTOFAGASTA PLC","Materialien","Aktien","13.688.304,95","0,14","13.688.304,95","297.723,00","45,98","Vereinigtes Königreich","London Stock Exchange","GBP"
"KER","KERING SA","Zyklische Konsumgüter ","Aktien","13.653.396,30","0,13","13.653.396,30","54.734,00","249,45","Frankreich","Nyse Euronext - Euronext Paris","EUR"
"CAP","CAPGEMINI","IT","Aktien","13.616.157,20","0,13","13.616.157,20","133.754,00","101,80","Frankreich","Nyse Euronext - Euronext Paris","EUR"
"LGEN","LEGAL AND GENERAL GROUP PLC","Finanzwesen","Aktien","13.615.761,02","0,13","13.615.761,02","4.367.371,00","3,12","Vereinigtes Königreich","London Stock Exchange","GBP"
"PHIA","KONINKLIJKE PHILIPS NV","Gesundheitsversorgung","Aktien","13.578.651,97","0,13","13.578.651,97","597.389,00","22,73","Niederlande","Euronext Amsterdam","EUR"
"WRT1V","WARTSILA","Industrie","Aktien","13.369.718,70","0,13","13.369.718,70","375.765,00","35,58","Finnland","Nasdaq Omx Helsinki Ltd.","EUR"
"NSIS B","NOVOZYMES B","Materialien","Aktien","13.354.831,30","0,13","13.354.831,30","271.911,00","49,11","Dänemark","Omx Nordic Exchange Copenhagen A/S","DKK"
"BPE","BPER BANCA","Finanzwesen","Aktien","13.273.913,11","0,13","13.273.913,11","1.137.829,00","11,67","Italien","Borsa Italiana","EUR"
"KPN","KONINKLIJKE KPN NV","Kommunikation","Aktien","13.256.576,11","0,13","13.256.576,11","3.051.698,00","4,34","Niederlande","Euronext Amsterdam","EUR"
"HBAN","HELVETIA BALOISE HOLDING N AG","Finanzwesen","Aktien","13.173.821,35","0,13","13.173.821,35","61.045,00","215,80","Schweiz","SIX Swiss Exchange","CHF"
"HEXA B","HEXAGON CLASS B","IT","Aktien","13.044.026,78","0,13","13.044.026,78","1.665.830,00","7,83","Schweden","Nasdaq Omx Nordic","SEK"
"MTX","MTU AERO ENGINES HOLDING AG","Industrie","Aktien","12.907.684,20","0,13","12.907.684,20","42.769,00","301,80","Deutschland","Xetra","EUR"
"SGSN","SGS SA","Industrie","Aktien","12.621.064,31","0,12","12.621.064,31","129.506,00","97,46","Schweiz","SIX Swiss Exchange","CHF"
"EPI A","EPIROC CLASS A","Industrie","Aktien","12.492.963,88","0,12","12.492.963,88","498.492,00","25,06","Schweden","Nasdaq Omx Nordic","SEK"
"SAAB B","SAAB CLASS B","Industrie","Aktien","12.414.265,48","0,12","12.414.265,48","256.113,00","48,47","Schweden","Nasdaq Omx Nordic","SEK"
"BIRG","BANK OF IRELAND GROUP PLC","Finanzwesen","Aktien","12.367.663,66","0,12","12.367.663,66","711.194,00","17,39","Irland","Irish Stock Exchange - All Market","EUR"
"FRE","FRESENIUS SE AND CO KGAA","Gesundheitsversorgung","Aktien","11.885.232,06","0,12","11.885.232,06","318.981,00","37,26","Deutschland","Xetra","EUR"
"WKL","WOLTERS KLUWER NV","Industrie","Aktien","11.836.099,92","0,12","11.836.099,92","186.454,00","63,48","Niederlande","Euronext Amsterdam","EUR"
"VNA","VONOVIA SE","Immobilien","Aktien","11.807.515,80","0,12","11.807.515,80","584.820,00","20,19","Deutschland","Xetra","EUR"
"BT.A","BT GROUP PLC","Kommunikation","Aktien","11.603.733,78","0,11","11.603.733,78","4.972.513,00","2,33","Vereinigtes Königreich","London Stock Exchange","GBP"
"LOGN","LOGITECH INTERNATIONAL SA","IT","Aktien","11.578.031,43","0,11","11.578.031,43","116.180,00","99,66","Schweiz","SIX Swiss Exchange","CHF"
"BAMI","BANCO BPM","Finanzwesen","Aktien","11.551.180,67","0,11","11.551.180,67","874.427,00","13,21","Italien","Borsa Italiana","EUR"
"BAER","JULIUS BAER GRUPPE AG","Finanzwesen","Aktien","11.398.001,92","0,11","11.398.001,92","159.204,00","71,59","Schweiz","SIX Swiss Exchange","CHF"
"DSY","DASSAULT SYSTEMES","IT","Aktien","11.321.575,33","0,11","11.321.575,33","574.262,00","19,72","Frankreich","Nyse Euronext - Euronext Paris","EUR"
"TEF","TELEFONICA SA","Kommunikation","Aktien","11.306.332,76","0,11","11.306.332,76","2.912.502,00","3,88","Spanien","Bolsa De Madrid","EUR"
"CLNX","CELLNEX TELECOM","Kommunikation","Aktien","11.226.207,60","0,11","11.226.207,60","395.289,00","28,40","Spanien","Bolsa De Madrid","EUR"
"SAB","BANCO DE SABADELL SA","Finanzwesen","Aktien","11.215.894,34","0,11","11.215.894,34","3.893.056,00","2,88","Spanien","Bolsa De Madrid","EUR"
"TRN","TERNA RETE ELETTRICA NAZIONALE","Versorger","Aktien","11.204.503,80","0,11","11.204.503,80","1.114.876,00","10,05","Italien","Borsa Italiana","EUR"
"ALFA","ALFA LAVAL","Industrie","Aktien","11.076.891,91","0,11","11.076.891,91","223.862,00","49,48","Schweden","Nasdaq Omx Nordic","SEK"
"BOL","BOLIDEN","Materialien","Aktien","11.052.713,20","0,11","11.052.713,20","220.916,00","50,03","Schweden","Nasdaq Omx Nordic","SEK"
"NHY","NORSK HYDRO","Materialien","Aktien","11.024.956,86","0,11","11.024.956,86","1.034.621,00","10,66","Norwegen","Oslo Bors Asa","NOK"
"HNR1","HANNOVER RUECK","Finanzwesen","Aktien","10.910.598,40","0,11","10.910.598,40","48.022,00","227,20","Deutschland","Xetra","EUR"
"ESSITY B","ESSITY CLASS B","Nichtzyklische Konsumgüter","Aktien","10.879.228,90","0,11","10.879.228,90","461.824,00","23,56","Schweden","Nasdaq Omx Nordic","SEK"
"GMAB","GENMAB","Gesundheitsversorgung","Aktien","10.494.820,49","0,10","10.494.820,49","49.537,00","211,86","Dänemark","Omx Nordic Exchange Copenhagen A/S","DKK"
"EN","BOUYGUES SA","Industrie","Aktien","10.480.881,84","0,10","10.480.881,84","208.949,00","50,16","Frankreich","Nyse Euronext - Euronext Paris","EUR"
"UPM","UPM-KYMMENE","Materialien","Aktien","10.288.024,64","0,10","10.288.024,64","406.963,00","25,28","Finnland","Nasdaq Omx Helsinki Ltd.","EUR"
"EDP","EDP ENERGIAS DE PORTUGAL SA","Versorger","Aktien","10.259.294,46","0,10","10.259.294,46","2.319.533,00","4,42","Portugal","Nyse Euronext - Euronext Lisbon","EUR"
"SHL","SIEMENS HEALTHINEERS AG","Gesundheitsversorgung","Aktien","10.113.668,76","0,10","10.113.668,76","290.289,00","34,84","Deutschland","Xetra","EUR"
"STLAM","STELLANTIS NV","Zyklische Konsumgüter ","Aktien","9.970.492,06","0,10","9.970.492,06","1.602.973,00","6,22","Italien","Borsa Italiana","EUR"
"FBK","FINECOBANK BANCA FINECO","Finanzwesen","Aktien","9.926.816,40","0,10","9.926.816,40","474.060,00","20,94","Italien","Borsa Italiana","EUR"
"SRG","SNAM","Versorger","Aktien","9.923.308,18","0,10","9.923.308,18","1.576.129,00","6,30","Italien","Borsa Italiana","EUR"
"RTO","RENTOKIL INITIAL PLC","Industrie","Aktien","9.898.081,73","0,10","9.898.081,73","1.931.920,00","5,12","Vereinigtes Königreich","London Stock Exchange","GBP"
"KOG","KONGSBERG GRUPPEN","Industrie","Aktien","9.875.439,24","0,10","9.875.439,24","344.708,00","28,65","Norwegen","Oslo Bors Asa","NOK"
"MONC","MONCLER","Zyklische Konsumgüter ","Aktien","9.828.847,98","0,10","9.828.847,98","181.411,00","54,18","Italien","Borsa Italiana","EUR"
"TIT","TELECOM ITALIA","Kommunikation","Aktien","9.746.426,08","0,10","9.746.426,08","13.253.231,00","0,74","Italien","Borsa Italiana","EUR"
"KRX","KINGSPAN GROUP PLC","Industrie","Aktien","9.646.591,50","0,10","9.646.591,50","117.785,00","81,90","Irland","Irish Stock Exchange - All Market","EUR"
"STMN","STRAUMANN HOLDING AG","Gesundheitsversorgung","Aktien","9.608.512,70","0,09","9.608.512,70","93.852,00","102,38","Schweiz","SIX Swiss Exchange","CHF"
"INF","INFORMA PLC","Kommunikation","Aktien","9.582.578,99","0,09","9.582.578,99","1.017.509,00","9,42","Vereinigtes Königreich","London Stock Exchange","GBP"
"SCHP","SCHINDLER HOLDING PAR AG","Industrie","Aktien","9.480.967,69","0,09","9.480.967,69","32.842,00","288,68","Schweiz","SIX Swiss Exchange","CHF"
"NESTE","NESTE","Energie","Aktien","9.457.032,97","0,09","9.457.032,97","330.319,00","28,63","Finnland","Nasdaq Omx Helsinki Ltd.","EUR"
"RI","PERNOD RICARD SA","Nichtzyklische Konsumgüter","Aktien","9.427.028,40","0,09","9.427.028,40","151.804,00","62,10","Frankreich","Nyse Euronext - Euronext Paris","EUR"
"FGR","EIFFAGE SA","Industrie","Aktien","9.406.360,95","0,09","9.406.360,95","75.281,00","124,95","Frankreich","Nyse Euronext - Euronext Paris","EUR"
"IAG","INTERNATIONAL AIRLINES GROUP SA","Industrie","Aktien","9.204.656,03","0,09","9.204.656,03","1.888.796,00","4,87","Spanien","London Stock Exchange","GBP"
"ELE","ENDESA SA","Versorger","Aktien","9.193.490,25","0,09","9.193.490,25","250.163,00","36,75","Spanien","Bolsa De Madrid","EUR"
"PST","POSTE ITALIANE","Finanzwesen","Aktien","9.121.396,75","0,09","9.121.396,75","354.229,00","25,75","Italien","Borsa Italiana","EUR"
"BG","BAWAG GROUP AG","Finanzwesen","Aktien","9.094.898,80","0,09","9.094.898,80","60.311,00","150,80","Österreich","Wiener Boerse Ag","EUR"
"GBP","GBP CASH","Cash und/oder Derivate","Geldmarkt","9.040.228,60","0,09","9.040.228,60","7.806.073,00","115,81","Vereinigtes Königreich","-","GBP"
"DSFIR","DSM FIRMENICH AG","Materialien","Aktien","9.021.412,90","0,09","9.021.412,90","132.785,00","67,94","Niederlande","Euronext Amsterdam","EUR"
"SOON","SONOVA HOLDING AG","Gesundheitsversorgung","Aktien","8.954.700,03","0,09","8.954.700,03","39.368,00","227,46","Schweiz","SIX Swiss Exchange","CHF"
"SN.","SMITH AND NEPHEW PLC","Gesundheitsversorgung","Aktien","8.944.875,07","0,09","8.944.875,07","673.386,00","13,28","Vereinigtes Königreich","London Stock Exchange","GBP"
"KRZ","KERRY GROUP PLC","Nichtzyklische Konsumgüter","Aktien","8.862.729,05","0,09","8.862.729,05","123.179,00","71,95","Irland","Irish Stock Exchange - All Market","EUR"
"KNIN","KUEHNE UND NAGEL INTERNATIONAL AG","Industrie","Aktien","8.689.865,20","0,09","8.689.865,20","41.579,00","209,00","Schweiz","SIX Swiss Exchange","CHF"
"SPSN","SWISS PRIME SITE AG","Immobilien","Aktien","8.681.693,64","0,09","8.681.693,64","62.900,00","138,02","Schweiz","SIX Swiss Exchange","CHF"
"ENX","EURONEXT NV","Finanzwesen","Aktien","8.602.815,60","0,08","8.602.815,60","60.498,00","142,20","Frankreich","Nyse Euronext - Euronext Paris","EUR"
"KGH","KGHM POLSKA MIEDZ SA","Materialien","Aktien","8.545.933,18","0,08","8.545.933,18","104.929,00","81,44","Polen","Warsaw Stock Exchange/Equities/Main Market","PLN"
"DPLM","DIPLOMA PLC","Industrie","Aktien","8.469.053,82","0,08","8.469.053,82","104.172,00","81,30","Vereinigtes Königreich","London Stock Exchange","GBP"
"URW","UNIBAIL RODAMCO WE STAPLED UNITS","Immobilien","Aktien","8.356.618,80","0,08","8.356.618,80","85.446,00","97,80","Frankreich","Nyse Euronext - Euronext Paris","EUR"
"CCH","COCA COLA HBC AG","Nichtzyklische Konsumgüter","Aktien","8.206.809,45","0,08","8.206.809,45","165.031,00","49,73","Vereinigtes Königreich","London Stock Exchange","GBP"
"AGS","AGEAS SA","Finanzwesen","Aktien","8.188.452,00","0,08","8.188.452,00","128.952,00","63,50","Belgien","Nyse Euronext - Euronext Brussels","EUR"
"METSO","METSO CORPORATION","Industrie","Aktien","8.169.269,64","0,08","8.169.269,64","511.859,00","15,96","Finnland","Nasdaq Omx Helsinki Ltd.","EUR"
"CA","CARREFOUR SA","Nichtzyklische Konsumgüter","Aktien","8.152.167,90","0,08","8.152.167,90","500.133,00","16,30","Frankreich","Nyse Euronext - Euronext Paris","EUR"
"UU.","UNITED UTILITIES GROUP PLC","Versorger","Aktien","8.107.803,48","0,08","8.107.803,48","528.772,00","15,33","Vereinigtes Königreich","London Stock Exchange","GBP"
"CNA","CENTRICA PLC","Versorger","Aktien","8.104.357,28","0,08","8.104.357,28","3.701.648,00","2,19","Vereinigtes Königreich","London Stock Exchange","GBP"
"TELIA","TELIA COMPANY","Kommunikation","Aktien","8.085.498,65","0,08","8.085.498,65","1.826.009,00","4,43","Schweden","Nasdaq Omx Nordic","SEK"
"HEN3","HENKEL & KGAA PREF AG","Nichtzyklische Konsumgüter","Aktien","8.027.374,30","0,08","8.027.374,30","119.633,00","67,10","Deutschland","Xetra","EUR"
"SGRO","SEGRO REIT PLC","Immobilien","Aktien","8.008.259,49","0,08","8.008.259,49","970.116,00","8,25","Vereinigtes Königreich","London Stock Exchange","GBP"
"ORSTED","ORSTED A/S","Versorger","Aktien","7.944.431,45","0,08","7.944.431,45","370.311,00","21,45","Dänemark","Omx Nordic Exchange Copenhagen A/S","DKK"
"CARL B","CARLSBERG AS CL B","Nichtzyklische Konsumgüter","Aktien","7.879.419,16","0,08","7.879.419,16","72.085,00","109,31","Dänemark","Omx Nordic Exchange Copenhagen A/S","DKK"
"SY1","SYMRISE AG","Materialien","Aktien","7.869.202,26","0,08","7.869.202,26","103.027,00","76,38","Deutschland","Xetra","EUR"
"ITRK","INTERTEK GROUP PLC","Industrie","Aktien","7.849.489,74","0,08","7.849.489,74","124.251,00","63,17","Vereinigtes Königreich","London Stock Exchange","GBP"
"LISP","CHOCOLADEFABRIKEN LINDT & SPRUENGL","Nichtzyklische Konsumgüter","Aktien","7.753.181,64","0,08","7.753.181,64","769,00","10.082,14","Schweiz","SIX Swiss Exchange","CHF"
"AKRBP","AKER BP","Energie","Aktien","7.724.922,14","0,08","7.724.922,14","241.402,00","32,00","Norwegen","Oslo Bors Asa","NOK"
"SOBI","SWEDISH ORPHAN BIOVITRUM","Gesundheitsversorgung","Aktien","7.671.185,82","0,08","7.671.185,82","187.248,00","40,97","Schweden","Nasdaq Omx Nordic","SEK"
"ADM","ADMIRAL GROUP PLC","Finanzwesen","Aktien","7.588.490,13","0,07","7.588.490,13","198.923,00","38,15","Vereinigtes Königreich","London Stock Exchange","GBP"
"ASRNL","ASR NEDERLAND NV","Finanzwesen","Aktien","7.547.899,02","0,07","7.547.899,02","119.391,00","63,22","Niederlande","Euronext Amsterdam","EUR"
"AKZA","AKZO NOBEL NV","Materialien","Aktien","7.547.152,44","0,07","7.547.152,44","131.667,00","57,32","Niederlande","Euronext Amsterdam","EUR"
"SMIN","SMITHS GROUP PLC","Industrie","Aktien","7.453.583,86","0,07","7.453.583,86","256.825,00","29,02","Vereinigtes Königreich","London Stock Exchange","GBP"
"FORTUM","FORTUM","Versorger","Aktien","7.430.089,81","0,07","7.430.089,81","351.637,00","21,13","Finnland","Nasdaq Omx Helsinki Ltd.","EUR"
"SGE","THE SAGE GROUP PLC","IT","Aktien","7.425.119,80","0,07","7.425.119,80","736.949,00","10,08","Vereinigtes Königreich","London Stock Exchange","GBP"
"BEAN","BELIMO N AG","Industrie","Aktien","7.316.680,19","0,07","7.316.680,19","7.442,00","983,16","Schweiz","SIX Swiss Exchange","CHF"
"PEO","BANK PEKAO SA","Finanzwesen","Aktien","7.269.775,92","0,07","7.269.775,92","133.600,00","54,41","Polen","Warsaw Stock Exchange/Equities/Main Market","PLN"
"OMV","OMV AG","Energie","Aktien","7.245.986,00","0,07","7.245.986,00","114.290,00","63,40","Österreich","Wiener Boerse Ag","EUR"
"AC","ACCOR SA","Zyklische Konsumgüter ","Aktien","7.240.522,02","0,07","7.240.522,02","159.518,00","45,39","Frankreich","Nyse Euronext - Euronext Paris","EUR"
"BNZL","BUNZL","Industrie","Aktien","7.217.242,71","0,07","7.217.242,71","252.306,00","28,61","Vereinigtes Königreich","London Stock Exchange","GBP"
"BVI","BUREAU VERITAS SA","Industrie","Aktien","7.205.900,13","0,07","7.205.900,13","281.151,00","25,63","Frankreich","Nyse Euronext - Euronext Paris","EUR"
"TEL","TELENOR","Kommunikation","Aktien","7.013.349,89","0,07","7.013.349,89","513.301,00","13,66","Norwegen","Oslo Bors Asa","NOK"
"AGN","AEGON LTD","Finanzwesen","Aktien","6.972.844,96","0,07","6.972.844,96","965.768,00","7,22","Niederlande","Euronext Amsterdam","EUR"
"BEZ","BEAZLEY PLC","Finanzwesen","Aktien","6.933.664,82","0,07","6.933.664,82","466.648,00","14,86","Vereinigtes Königreich","London Stock Exchange","GBP"
"BKT","BANKINTER SA","Finanzwesen","Aktien","6.922.716,84","0,07","6.922.716,84","493.071,00","14,04","Spanien","Bolsa De Madrid","EUR"
"HOT","HOCHTIEF AG","Industrie","Aktien","6.908.288,00","0,07","6.908.288,00","13.928,00","496,00","Deutschland","Xetra","EUR"
"SVT","SEVERN TRENT PLC","Versorger","Aktien","6.814.219,49","0,07","6.814.219,49","198.514,00","34,33","Vereinigtes Königreich","London Stock Exchange","GBP"
"TEL2 B","TELE2 B","Kommunikation","Aktien","6.786.927,91","0,07","6.786.927,91","424.594,00","15,98","Schweden","Nasdaq Omx Nordic","SEK"
"TEN","TENARIS SA","Energie","Aktien","6.595.814,80","0,07","6.595.814,80","243.388,00","27,10","Italien","Borsa Italiana","EUR"
"PSON","PEARSON PLC","Zyklische Konsumgüter ","Aktien","6.590.261,05","0,07","6.590.261,05","490.778,00","13,43","Vereinigtes Königreich","London Stock Exchange","GBP"
"BCP","BANCO COMERCIAL PORTUGUES SA","Finanzwesen","Aktien","6.572.172,19","0,06","6.572.172,19","7.086.664,00","0,93","Portugal","Nyse Euronext - Euronext Lisbon","EUR"
"MKS","MARKS AND SPENCER GROUP PLC","Nichtzyklische Konsumgüter","Aktien","6.565.177,07","0,06","6.565.177,07","1.552.701,00","4,23","Vereinigtes Königreich","London Stock Exchange","GBP"
"IMI","IMI PLC","Industrie","Aktien","6.560.407,56","0,06","6.560.407,56","200.028,00","32,80","Vereinigtes Königreich","London Stock Exchange","GBP"
"EVO","EVOLUTION","Zyklische Konsumgüter ","Aktien","6.543.933,19","0,06","6.543.933,19","102.260,00","63,99","Schweden","Nasdaq Omx Nordic","SEK"
"DHER","DELIVERY HERO","Zyklische Konsumgüter ","Aktien","6.534.614,75","0,06","6.534.614,75","166.487,00","39,25","Deutschland","Xetra","EUR"
"UNI","UNIPOL ASSICURAZIONI SPA","Finanzwesen","Aktien","6.484.976,84","0,06","6.484.976,84","310.732,00","20,87","Italien","Borsa Italiana","EUR"
"PZU","PZU SA","Finanzwesen","Aktien","6.439.505,43","0,06","6.439.505,43","438.979,00","14,67","Polen","Warsaw Stock Exchange/Equities/Main Market","PLN"
"GALP","GALP ENERGIA SGPS SA CLASS B","Energie","Aktien","6.434.053,38","0,06","6.434.053,38","334.063,00","19,26","Portugal","Nyse Euronext - Euronext Lisbon","EUR"
"MNG","M&G PLC","Finanzwesen","Aktien","6.389.164,57","0,06","6.389.164,57","1.768.813,00","3,61","Vereinigtes Königreich","London Stock Exchange","GBP"
"ACLN","ACCELLERON N AG","Industrie","Aktien","6.381.350,23","0,06","6.381.350,23","74.956,00","85,13","Schweiz","SIX Swiss Exchange","CHF"
"SPIE","SPIE SA","Industrie","Aktien","6.351.344,26","0,06","6.351.344,26","131.389,00","48,34","Frankreich","Nyse Euronext - Euronext Paris","EUR"
"NTGY","NATURGY ENERGY GROUP SA","Versorger","Aktien","6.340.493,54","0,06","6.340.493,54","219.091,00","28,94","Spanien","Bolsa De Madrid","EUR"
"MAERSK B","A P MOLLER MAERSK B","Industrie","Aktien","6.340.079,57","0,06","6.340.079,57","2.660,00","2.383,49","Dänemark","Omx Nordic Exchange Copenhagen A/S","DKK"
"IGG","IG GROUP HOLDINGS PLC","Finanzwesen","Aktien","6.330.658,84","0,06","6.330.658,84","297.249,00","21,30","Vereinigtes Königreich","London Stock Exchange","GBP"
"RXL","REXEL SA","Industrie","Aktien","6.324.912,74","0,06","6.324.912,74","172.294,00","36,71","Frankreich","Nyse Euronext - Euronext Paris","EUR"
"INDU C","INDUSTRIVARDEN SERIES","Finanzwesen","Aktien","6.322.124,05","0,06","6.322.124,05","138.502,00","45,65","Schweden","Nasdaq Omx Nordic","SEK"
"TREL B","TRELLEBORG B","Industrie","Aktien","6.310.420,06","0,06","6.310.420,06","165.363,00","38,16","Schweden","Nasdaq Omx Nordic","SEK"
"G1A","GEA GROUP AG","Industrie","Aktien","6.281.948,40","0,06","6.281.948,40","115.054,00","54,60","Deutschland","Xetra","EUR"
"WISE","WISE PLC CLASS A","Finanzwesen","Aktien","6.133.162,06","0,06","6.133.162,06","641.147,00","9,57","Vereinigtes Königreich","London Stock Exchange","GBP"
"ORNBV","ORION CLASS B","Gesundheitsversorgung","Aktien","6.106.496,55","0,06","6.106.496,55","87.423,00","69,85","Finnland","Nasdaq Omx Helsinki Ltd.","EUR"
"LI","KLEPIERRE REIT SA","Immobilien","Aktien","6.033.427,80","0,06","6.033.427,80","173.874,00","34,70","Frankreich","Nyse Euronext - Euronext Paris","EUR"
"SKA B","SKANSKA B","Industrie","Aktien","6.011.272,30","0,06","6.011.272,30","267.251,00","22,49","Schweden","Nasdaq Omx Nordic","SEK"
"CON","CONTINENTAL AG","Zyklische Konsumgüter ","Aktien","5.999.472,72","0,06","5.999.472,72","87.354,00","68,68","Deutschland","Xetra","EUR"
"COLO B","COLOPLAST B","Gesundheitsversorgung","Aktien","5.998.108,39","0,06","5.998.108,39","116.841,00","51,34","Dänemark","Omx Nordic Exchange Copenhagen A/S","DKK"
"MOWI","MOWI","Nichtzyklische Konsumgüter","Aktien","5.926.088,94","0,06","5.926.088,94","338.074,00","17,53","Norwegen","Oslo Bors Asa","NOK"
"SKF B","SKF B","Industrie","Aktien","5.925.587,83","0,06","5.925.587,83","261.946,00","22,62","Schweden","Nasdaq Omx Nordic","SEK"
"MICC","MAGNUM ICE CREAM NV","Nichtzyklische Konsumgüter","Aktien","5.868.096,38","0,06","5.868.096,38","395.371,00","14,84","Niederlande","Euronext Amsterdam","EUR"
"NKT","NKT","Industrie","Aktien","5.864.393,31","0,06","5.864.393,31","42.973,00","136,47","Dänemark","Omx Nordic Exchange Copenhagen A/S","DKK"
"ADDT B","ADDTECH CLASS B","Industrie","Aktien","5.862.245,20","0,06","5.862.245,20","196.753,00","29,79","Schweden","Nasdaq Omx Nordic","SEK"
"ERF","EUROFINS SCIENTIFIC","Gesundheitsversorgung","Aktien","5.829.426,48","0,06","5.829.426,48","89.794,00","64,92","Frankreich","Nyse Euronext - Euronext Paris","EUR"
"GTT","GAZTRANSPORT & TECHNIGAZ SA","Energie","Aktien","5.826.393,00","0,06","5.826.393,00","28.645,00","203,40","Frankreich","Nyse Euronext - Euronext Paris","EUR"
"WEIR","WEIR GROUP PLC","Industrie","Aktien","5.778.296,87","0,06","5.778.296,87","210.348,00","27,47","Vereinigtes Königreich","London Stock Exchange","GBP"
"FME","FRESENIUS MEDICAL CARE AG","Gesundheitsversorgung","Aktien","5.749.488,02","0,06","5.749.488,02","150.589,00","38,18","Deutschland","Xetra","EUR"
"YAR","YARA INTERNATIONAL","Materialien","Aktien","5.714.893,22","0,06","5.714.893,22","126.065,00","45,33","Norwegen","Oslo Bors Asa","NOK"
"ALE","ALLEGRO SA","Zyklische Konsumgüter ","Aktien","5.709.527,58","0,06","5.709.527,58","689.650,00","8,28","Polen","Warsaw Stock Exchange/Equities/Main Market","PLN"
"SUBC","SUBSEA SA","Energie","Aktien","5.700.307,18","0,06","5.700.307,18","188.921,00","30,17","Norwegen","Oslo Bors Asa","NOK"
"SDLF","STANDARD LIFE PLC","Finanzwesen","Aktien","5.590.752,31","0,06","5.590.752,31","636.036,00","8,79","Vereinigtes Königreich","London Stock Exchange","GBP"
"GAW","GAMES WORKSHOP GROUP PLC","Zyklische Konsumgüter ","Aktien","5.582.457,25","0,06","5.582.457,25","25.397,00","219,81","Vereinigtes Königreich","London Stock Exchange","GBP"
"HM B","HENNES & MAURITZ","Zyklische Konsumgüter ","Aktien","5.579.128,56","0,06","5.579.128,56","365.719,00","15,26","Schweden","Nasdaq Omx Nordic","SEK"
"STJ","ST JAMESS PLACE PLC","Finanzwesen","Aktien","5.541.206,94","0,05","5.541.206,94","399.894,00","13,86","Vereinigtes Königreich","London Stock Exchange","GBP"
"KBX","KNORR BREMSE AG","Industrie","Aktien","5.506.844,00","0,05","5.506.844,00","54.740,00","100,60","Deutschland","Xetra","EUR"
"SECU B","SECURITAS B","Industrie","Aktien","5.497.089,56","0,05","5.497.089,56","384.133,00","14,31","Schweden","Nasdaq Omx Nordic","SEK"
"HEIO","HEINEKEN HOLDING NV","Nichtzyklische Konsumgüter","Aktien","5.429.915,00","0,05","5.429.915,00","89.015,00","61,00","Niederlande","Euronext Amsterdam","EUR"
"BNR","BRENNTAG","Industrie","Aktien","5.385.719,20","0,05","5.385.719,20","94.819,00","56,80","Deutschland","Xetra","EUR"
"SDR","SCHRODERS PLC","Finanzwesen","Aktien","5.375.895,11","0,05","5.375.895,11","794.181,00","6,77","Vereinigtes Königreich","London Stock Exchange","GBP"
"HSX","HISCOX LTD","Finanzwesen","Aktien","5.358.464,89","0,05","5.358.464,89","269.478,00","19,88","Vereinigtes Königreich","London Stock Exchange","GBP"
"PSPN","PSP SWISS PROPERTY AG","Immobilien","Aktien","5.335.860,77","0,05","5.335.860,77","34.640,00","154,04","Schweiz","SIX Swiss Exchange","CHF"
"DCC","DCC PLC","Energie","Aktien","5.270.811,04","0,05","5.270.811,04","75.665,00","69,66","Vereinigtes Königreich","London Stock Exchange","GBP"
"ORK","ORKLA","Nichtzyklische Konsumgüter","Aktien","5.218.097,48","0,05","5.218.097,48","580.469,00","8,99","Norwegen","Oslo Bors Asa","NOK"
"LIFCO B","LIFCO CLASS B","Industrie","Aktien","5.199.078,10","0,05","5.199.078,10","187.297,00","27,76","Schweden","Nasdaq Omx Nordic","SEK"
"FRES","FRESNILLO PLC","Materialien","Aktien","5.179.150,27","0,05","5.179.150,27","149.769,00","34,58","Vereinigtes Königreich","London Stock Exchange","GBP"
"GBLB","GROUPE BRUXELLES LAMBERT NV","Finanzwesen","Aktien","5.174.645,40","0,05","5.174.645,40","64.122,00","80,70","Belgien","Nyse Euronext - Euronext Brussels","EUR"
"UHR","THE SWATCH GROUP AG","Zyklische Konsumgüter ","Aktien","5.157.589,43","0,05","5.157.589,43","23.288,00","221,47","Schweiz","SIX Swiss Exchange","CHF"
"RBI","RAIFFEISEN BANK INTERNATIONAL AG","Finanzwesen","Aktien","5.144.644,44","0,05","5.144.644,44","104.481,00","49,24","Österreich","Wiener Boerse Ag","EUR"
"STB","STOREBRAND","Finanzwesen","Aktien","5.141.455,03","0,05","5.141.455,03","322.356,00","15,95","Norwegen","Oslo Bors Asa","NOK"
"QIA","QIAGEN NV","Gesundheitsversorgung","Aktien","5.108.061,84","0,05","5.108.061,84","160.027,00","31,92","Deutschland","Deutsche Börse AG","EUR"
"MRO","MELROSE INDUSTRIES PLC","Industrie","Aktien","5.103.276,18","0,05","5.103.276,18","942.787,00","5,41","Vereinigtes Königreich","London Stock Exchange","GBP"
"IG","ITALGAS","Versorger","Aktien","5.042.611,20","0,05","5.042.611,20","487.680,00","10,34","Italien","Borsa Italiana","EUR"
"LTMC","LOTTOMATICA GROUP","Zyklische Konsumgüter ","Aktien","5.040.886,84","0,05","5.040.886,84","194.179,00","25,96","Italien","Borsa Italiana","EUR"
"ELI","ELIA GROUP SA","Versorger","Aktien","5.037.483,50","0,05","5.037.483,50","37.177,00","135,50","Belgien","Nyse Euronext - Euronext Brussels","EUR"
"LPP","LPP SA","Zyklische Konsumgüter ","Aktien","4.975.389,40","0,05","4.975.389,40","977,00","5.092,51","Polen","Warsaw Stock Exchange/Equities/Main Market","PLN"
"ABF","ASSOCIATED BRITISH FOODS PLC","Nichtzyklische Konsumgüter","Aktien","4.915.752,94","0,05","4.915.752,94","227.718,00","21,59","Vereinigtes Königreich","London Stock Exchange","GBP"
"AED","AEDIFICA NV","Immobilien","Aktien","4.873.832,00","0,05","4.873.832,00","71.674,00","68,00","Belgien","Nyse Euronext - Euronext Brussels","EUR"
"BEI","BEIERSDORF AG","Nichtzyklische Konsumgüter","Aktien","4.864.580,00","0,05","4.864.580,00","69.494,00","70,00","Deutschland","Xetra","EUR"
"TKA","THYSSENKRUPP AG","Materialien","Aktien","4.836.615,84","0,05","4.836.615,84","416.232,00","11,62","Deutschland","Xetra","EUR"
"PNDORA","PANDORA","Zyklische Konsumgüter ","Aktien","4.819.448,06","0,05","4.819.448,06","62.193,00","77,49","Dänemark","Omx Nordic Exchange Copenhagen A/S","DKK"
"TPRO","TECHNOPROBE SPA","IT","Aktien","4.817.029,98","0,05","4.817.029,98","156.093,00","30,86","Italien","Borsa Italiana","EUR"
"TRYG","TRYG","Finanzwesen","Aktien","4.809.718,21","0,05","4.809.718,21","243.066,00","19,79","Dänemark","Omx Nordic Exchange Copenhagen A/S","DKK"
"NEX","NEXANS SA","Industrie","Aktien","4.790.286,00","0,05","4.790.286,00","30.945,00","154,80","Frankreich","Nyse Euronext - Euronext Paris","EUR"
"AIXA","AIXTRON","IT","Aktien","4.745.921,12","0,05","4.745.921,12","86.858,00","54,64","Deutschland","Xetra","EUR"
"KCR","KONECRANES","Industrie","Aktien","4.740.726,90","0,05","4.740.726,90","173.653,00","27,30","Finnland","Nasdaq Omx Helsinki Ltd.","EUR"
"ELISA","ELISA","Kommunikation","Aktien","4.732.832,00","0,05","4.732.832,00","119.275,00","39,68","Finnland","Nasdaq Omx Helsinki Ltd.","EUR"
"ALO","ALSTOM SA","Industrie","Aktien","4.724.013,29","0,05","4.724.013,29","275.533,00","17,15","Frankreich","Nyse Euronext - Euronext Paris","EUR"
"SBRY","SAINSBURY(J) PLC","Nichtzyklische Konsumgüter","Aktien","4.706.767,53","0,05","4.706.767,53","1.352.482,00","3,48","Vereinigtes Königreich","London Stock Exchange","GBP"
"BAB","BABCOCK INTERNATIONAL GROUP PLC","Industrie","Aktien","4.705.063,78","0,05","4.705.063,78","392.535,00","11,99","Vereinigtes Königreich","London Stock Exchange","GBP"
"ACKB","ACKERMANS & VAN HAAREN NV","Industrie","Aktien","4.676.323,60","0,05","4.676.323,60","17.462,00","267,80","Belgien","Nyse Euronext - Euronext Brussels","EUR"
"EXO","EXOR NV","Finanzwesen","Aktien","4.673.109,60","0,05","4.673.109,60","71.128,00","65,70","Niederlande","Euronext Amsterdam","EUR"
"SPX","SPIRAX GROUP PLC","Industrie","Aktien","4.633.432,34","0,05","4.633.432,34","58.664,00","78,98","Vereinigtes Königreich","London Stock Exchange","GBP"
"TLX","TALANX AG","Finanzwesen","Aktien","4.631.348,80","0,05","4.631.348,80","46.876,00","98,80","Deutschland","Xetra","EUR"
"EBP","ERSTE BANK POLSKA SA","Finanzwesen","Aktien","4.622.858,43","0,05","4.622.858,43","32.669,00","141,51","Polen","Warsaw Stock Exchange/Equities/Main Market","PLN"
"ICG","ICG PLC","Finanzwesen","Aktien","4.599.685,83","0,05","4.599.685,83","220.530,00","20,86","Vereinigtes Königreich","London Stock Exchange","GBP"
"ANA","ACCIONA SA","Versorger","Aktien","4.594.092,00","0,05","4.594.092,00","18.660,00","246,20","Spanien","Bolsa De Madrid","EUR"
"STERV","STORA ENSO CLASS R","Materialien","Aktien","4.591.203,50","0,05","4.591.203,50","456.609,00","10,06","Finnland","Nasdaq Omx Helsinki Ltd.","EUR"
"ABVX","ABIVAX SA","Gesundheitsversorgung","Aktien","4.584.188,70","0,05","4.584.188,70","52.182,00","87,85","Frankreich","Nyse Euronext - Euronext Paris","EUR"
"SPM","SAIPEM","Energie","Aktien","4.571.928,92","0,05","4.571.928,92","1.038.131,00","4,40","Italien","Borsa Italiana","EUR"
"KGF","KINGFISHER PLC","Zyklische Konsumgüter ","Aktien","4.560.938,81","0,04","4.560.938,81","1.386.233,00","3,29","Vereinigtes Königreich","London Stock Exchange","GBP"
"ZAL","ZALANDO","Zyklische Konsumgüter ","Aktien","4.514.565,44","0,04","4.514.565,44","183.221,00","24,64","Deutschland","Xetra","EUR"
"IPN","IPSEN SA","Gesundheitsversorgung","Aktien","4.503.296,40","0,04","4.503.296,40","28.538,00","157,80","Frankreich","Nyse Euronext - Euronext Paris","EUR"
"G24","SCOUT24 N","Kommunikation","Aktien","4.477.037,40","0,04","4.477.037,40","58.986,00","75,90","Deutschland","Xetra","EUR"
"KESKOB","KESKO CLASS B","Nichtzyklische Konsumgüter","Aktien","4.457.790,96","0,04","4.457.790,96","212.884,00","20,94","Finnland","Nasdaq Omx Helsinki Ltd.","EUR"
"SRT3","SARTORIUS PREF AG","Gesundheitsversorgung","Aktien","4.439.308,50","0,04","4.439.308,50","18.755,00","236,70","Deutschland","Xetra","EUR"
"MSIFT","CASH COLLATERAL EUR MSIFT","Cash und/oder Derivate","Cash Collateral and Margins","4.364.000,00","0,04","4.364.000,00","4.364.000,00","100,00","Europäische Union","-","EUR"
"NDA","AURUBIS AG","Materialien","Aktien","4.363.044,20","0,04","4.363.044,20","20.561,00","212,20","Deutschland","Xetra","EUR"
"AM","DASSAULT AVIATION SA","Industrie","Aktien","4.343.413,00","0,04","4.343.413,00","14.585,00","297,80","Frankreich","Nyse Euronext - Euronext Paris","EUR"
"SCA B","SVENSKA CELLULOSA B","Materialien","Aktien","4.338.172,58","0,04","4.338.172,58","463.185,00","9,37","Schweden","Nasdaq Omx Nordic","SEK"
"SSAB B","SSAB CLASS B","Materialien","Aktien","4.332.725,53","0,04","4.332.725,53","485.824,00","8,92","Schweden","Nasdaq Omx Nordic","SEK"
"REC","RECORDATI INDUSTRIA CHIMICA E FARM","Gesundheitsversorgung","Aktien","4.280.448,90","0,04","4.280.448,90","84.427,00","50,70","Italien","Borsa Italiana","EUR"
"RNO","RENAULT SA","Zyklische Konsumgüter ","Aktien","4.225.953,06","0,04","4.225.953,06","157.626,00","26,81","Frankreich","Nyse Euronext - Euronext Paris","EUR"
"SAVE","NORDNET","Finanzwesen","Aktien","4.211.051,59","0,04","4.211.051,59","134.620,00","31,28","Schweden","Nasdaq Omx Nordic","SEK"
"MRL","MERLIN PROPERTIES REIT SA","Immobilien","Aktien","4.207.821,66","0,04","4.207.821,66","284.697,00","14,78","Spanien","Bolsa De Madrid","EUR"
"BBY","BALFOUR BEATTY PLC","Industrie","Aktien","4.205.535,63","0,04","4.205.535,63","446.942,00","9,41","Vereinigtes Königreich","London Stock Exchange","GBP"
"AVOL","AVOLTA AG","Zyklische Konsumgüter ","Aktien","4.190.001,14","0,04","4.190.001,14","81.835,00","51,20","Schweiz","SIX Swiss Exchange","CHF"
"ISS","ISS A S","Industrie","Aktien","4.174.913,58","0,04","4.174.913,58","123.632,00","33,77","Dänemark","Omx Nordic Exchange Copenhagen A/S","DKK"
"LAND","LAND SECURITIES GROUP REIT PLC","Immobilien","Aktien","4.165.815,45","0,04","4.165.815,45","573.244,00","7,27","Vereinigtes Königreich","London Stock Exchange","GBP"
"GET","GETLINK","Industrie","Aktien","4.128.183,50","0,04","4.128.183,50","226.450,00","18,23","Frankreich","Nyse Euronext - Euronext Paris","EUR"
"EDEN","EDENRED","Finanzwesen","Aktien","4.121.633,85","0,04","4.121.633,85","187.945,00","21,93","Frankreich","Nyse Euronext - Euronext Paris","EUR"
"VOE","VOESTALPINE AG","Materialien","Aktien","4.057.925,60","0,04","4.057.925,60","85.973,00","47,20","Österreich","Wiener Boerse Ag","EUR"
"SQN","SWISSQUOTE GROUP HOLDING SA","Finanzwesen","Aktien","4.023.251,67","0,04","4.023.251,67","96.680,00","41,61","Schweiz","SIX Swiss Exchange","CHF"
"AMUN","AMUNDI SA","Finanzwesen","Aktien","4.016.440,35","0,04","4.016.440,35","47.169,00","85,15","Frankreich","Nyse Euronext - Euronext Paris","EUR"
"LHA","DEUTSCHE LUFTHANSA AG","Industrie","Aktien","3.998.149,40","0,04","3.998.149,40","473.939,00","8,44","Deutschland","Xetra","EUR"
"RILBA","RINGKJOBING LANDBOBANK","Finanzwesen","Aktien","3.976.238,90","0,04","3.976.238,90","19.617,00","202,69","Dänemark","Omx Nordic Exchange Copenhagen A/S","DKK"
"IMCD","IMCD NV","Industrie","Aktien","3.970.633,68","0,04","3.970.633,68","44.654,00","88,92","Niederlande","Euronext Amsterdam","EUR"
"EMSN","EMS-CHEMIE HOLDING AG","Materialien","Aktien","3.930.739,81","0,04","3.930.739,81","5.188,00","757,66","Schweiz","SIX Swiss Exchange","CHF"
"DIM","SARTORIUS STEDIM BIOTECH SA","Gesundheitsversorgung","Aktien","3.884.992,40","0,04","3.884.992,40","21.716,00","178,90","Frankreich","Nyse Euronext - Euronext Paris","EUR"
"PAH3","PORSCHE AUTOMOBIL HOLDING PREF","Zyklische Konsumgüter ","Aktien","3.880.678,08","0,04","3.880.678,08","126.944,00","30,57","Deutschland","Xetra","EUR"
"JMT","JERONIMO MARTINS SA","Nichtzyklische Konsumgüter","Aktien","3.840.863,16","0,04","3.840.863,16","216.753,00","17,72","Portugal","Nyse Euronext - Euronext Lisbon","EUR"
"P911","DR ING HC F PORSCHE PRF AG","Zyklische Konsumgüter ","Aktien","3.840.505,02","0,04","3.840.505,02","81.957,00","46,86","Deutschland","Xetra","EUR"
"NDX1","NORDEX","Industrie","Aktien","3.813.241,12","0,04","3.813.241,12","93.416,00","40,82","Deutschland","Xetra","EUR"
"JYSK","JYSKE BANK","Finanzwesen","Aktien","3.808.929,11","0,04","3.808.929,11","32.078,00","118,74","Dänemark","Omx Nordic Exchange Copenhagen A/S","DKK"
"FHZN","FLUGHAFEN ZUERICH AG","Industrie","Aktien","3.766.030,75","0,04","3.766.030,75","15.070,00","249,90","Schweiz","SIX Swiss Exchange","CHF"
"ABDN","ABERDEEN GROUP PLC","Finanzwesen","Aktien","3.734.739,03","0,04","3.734.739,03","1.351.584,00","2,76","Vereinigtes Königreich","London Stock Exchange","GBP"
"UMI","UMICORE SA","Materialien","Aktien","3.722.117,18","0,04","3.722.117,18","158.929,00","23,42","Belgien","Nyse Euronext - Euronext Brussels","EUR"
"NIBE B","NIBE INDUSTRIER CLASS B","Industrie","Aktien","3.721.745,61","0,04","3.721.745,61","1.096.821,00","3,39","Schweden","Nasdaq Omx Nordic","SEK"
"SYENS","SYENSQO NV","Materialien","Aktien","3.708.885,40","0,04","3.708.885,40","55.274,00","67,10","Belgien","Nyse Euronext - Euronext Brussels","EUR"
"HWDN","HOWDEN JOINERY GROUP PLC","Industrie","Aktien","3.708.397,51","0,04","3.708.397,51","410.530,00","9,03","Vereinigtes Königreich","London Stock Exchange","GBP"
"ANDR","ANDRITZ AG","Industrie","Aktien","3.683.778,80","0,04","3.683.778,80","48.217,00","76,40","Österreich","Wiener Boerse Ag","EUR"
"CAST","CASTELLUM","Immobilien","Aktien","3.679.661,16","0,04","3.679.661,16","328.254,00","11,21","Schweden","Nasdaq Omx Nordic","SEK"
"ALSYDB","AL SYDBANK","Finanzwesen","Aktien","3.676.790,99","0,04","3.676.790,99","53.780,00","68,37","Dänemark","Omx Nordic Exchange Copenhagen A/S","DKK"
"FRO","FRONTLINE PLC","Energie","Aktien","3.668.323,95","0,04","3.668.323,95","120.259,00","30,50","Norwegen","Oslo Bors Asa","NOK"
"IDR","INDRA SISTEMAS SA","IT","Aktien","3.648.173,76","0,04","3.648.173,76","65.804,00","55,44","Spanien","Bolsa De Madrid","EUR"
"BEIJ B","BEIJER REF CLASS B","Industrie","Aktien","3.648.926,73","0,04","3.648.926,73","312.963,00","11,66","Schweden","Nasdaq Omx Nordic","SEK"
"HUBN","HUBER & SUHNER AG","Industrie","Aktien","3.630.819,77","0,04","3.630.819,77","12.819,00","283,24","Schweiz","SIX Swiss Exchange","CHF"
"SCR","SCOR","Finanzwesen","Aktien","3.628.640,64","0,04","3.628.640,64","118.816,00","30,54","Frankreich","Nyse Euronext - Euronext Paris","EUR"
"GALE","GALENICA AG","Gesundheitsversorgung","Aktien","3.621.504,42","0,04","3.621.504,42","39.529,00","91,62","Schweiz","SIX Swiss Exchange","CHF"
"BLND","BRITISH LAND REIT PLC","Immobilien","Aktien","3.619.253,22","0,04","3.619.253,22","783.248,00","4,62","Vereinigtes Königreich","London Stock Exchange","GBP"
"WTB","WHITBREAD PLC","Zyklische Konsumgüter ","Aktien","3.578.951,37","0,04","3.578.951,37","131.337,00","27,25","Vereinigtes Königreich","London Stock Exchange","GBP"
"TUB","FINANCIERE DE TUBIZE SA","Gesundheitsversorgung","Aktien","3.570.992,80","0,04","3.570.992,80","15.676,00","227,80","Belgien","Nyse Euronext - Euronext Brussels","EUR"
"AUTO","AUTOTRADER GROUP PLC","Kommunikation","Aktien","3.570.038,30","0,04","3.570.038,30","657.705,00","5,43","Vereinigtes Königreich","London Stock Exchange","GBP"
"LOTB","LOTUS BAKERIES NV","Nichtzyklische Konsumgüter","Aktien","3.554.880,00","0,04","3.554.880,00","322,00","11.040,00","Belgien","Nyse Euronext - Euronext Brussels","EUR"
"BRBY","BURBERRY GROUP PLC","Zyklische Konsumgüter ","Aktien","3.554.234,78","0,04","3.554.234,78","277.488,00","12,81","Vereinigtes Königreich","London Stock Exchange","GBP"
"CTEC","CONVATEC GROUP PLC","Gesundheitsversorgung","Aktien","3.551.652,94","0,04","3.551.652,94","1.501.855,00","2,36","Vereinigtes Königreich","London Stock Exchange","GBP"
"INDT","INDUTRADE","Industrie","Aktien","3.547.203,66","0,03","3.547.203,66","199.735,00","17,76","Schweden","Nasdaq Omx Nordic","SEK"
"HAG","HENSOLDT AG","Industrie","Aktien","3.523.593,06","0,03","3.523.593,06","44.727,00","78,78","Deutschland","Xetra","EUR"
"ALK B","ALK-ABELLO CLASS B","Gesundheitsversorgung","Aktien","3.520.668,62","0,03","3.520.668,62","98.853,00","35,62","Dänemark","Omx Nordic Exchange Copenhagen A/S","DKK"
"TE","TECHNIP ENERGIES NV","Energie","Aktien","3.508.085,00","0,03","3.508.085,00","100.231,00","35,00","Frankreich","Nyse Euronext - Euronext Paris","EUR"
"INPST","INPOST SA","Industrie","Aktien","3.495.736,32","0,03","3.495.736,32","227.587,00","15,36","Niederlande","Euronext Amsterdam","EUR"
"GJF","GJENSIDIGE FORSIKRING","Finanzwesen","Aktien","3.451.179,68","0,03","3.451.179,68","151.066,00","22,85","Norwegen","Oslo Bors Asa","NOK"
"SBMO","SBM OFFSHORE NV","Energie","Aktien","3.446.299,44","0,03","3.446.299,44","101.841,00","33,84","Niederlande","Euronext Amsterdam","EUR"
"SIGN","SIG GROUP N AG","Materialien","Aktien","3.415.886,84","0,03","3.415.886,84","258.290,00","13,22","Schweiz","SIX Swiss Exchange","CHF"
"ELIS","ELIS SA","Industrie","Aktien","3.410.983,36","0,03","3.410.983,36","132.004,00","25,84","Frankreich","Nyse Euronext - Euronext Paris","EUR"
"VK","VALLOUREC SA","Energie","Aktien","3.398.803,68","0,03","3.398.803,68","139.696,00","24,33","Frankreich","Nyse Euronext - Euronext Paris","EUR"
"LMP","LONDONMETRIC PROPERTY REIT PLC","Immobilien","Aktien","3.362.270,80","0,03","3.362.270,80","1.611.132,00","2,09","Vereinigtes Königreich","London Stock Exchange","GBP"
"EDPR","EDP RENEWABLES SA","Versorger","Aktien","3.346.239,18","0,03","3.346.239,18","238.506,00","14,03","Portugal","Nyse Euronext - Euronext Lisbon","EUR"
"R3NK","RENK GROUP AG","Industrie","Aktien","3.336.184,55","0,03","3.336.184,55","64.343,00","51,85","Deutschland","Xetra","EUR"
"RED","REDEIA CORPORACION SA","Versorger","Aktien","3.317.777,34","0,03","3.317.777,34","223.269,00","14,86","Spanien","Bolsa De Madrid","EUR"
"LEG","LEG IMMOBILIEN N","Immobilien","Aktien","3.317.389,00","0,03","3.317.389,00","63.430,00","52,30","Deutschland","Xetra","EUR"
"BARN","BARRY CALLEBAUT AG","Nichtzyklische Konsumgüter","Aktien","3.309.589,38","0,03","3.309.589,38","2.672,00","1.238,62","Schweiz","SIX Swiss Exchange","CHF"
"LAGR B","LAGERCRANTZ GROUP CLASS B","IT","Aktien","3.278.798,24","0,03","3.278.798,24","143.315,00","22,88","Schweden","Nasdaq Omx Nordic","SEK"
"AKE","ARKEMA SA","Materialien","Aktien","3.271.764,20","0,03","3.271.764,20","54.484,00","60,05","Frankreich","Nyse Euronext - Euronext Paris","EUR"
"BTRW","BARRATT REDROW PLC","Zyklische Konsumgüter ","Aktien","3.266.582,18","0,03","3.266.582,18","1.086.531,00","3,01","Vereinigtes Königreich","London Stock Exchange","GBP"
"CRDA","CRODA INTERNATIONAL PLC","Materialien","Aktien","3.248.617,09","0,03","3.248.617,09","96.695,00","33,60","Vereinigtes Königreich","London Stock Exchange","GBP"
"BGEO","LION FINANCE GROUP PLC","Finanzwesen","Aktien","3.247.659,98","0,03","3.247.659,98","26.581,00","122,18","Vereinigtes Königreich","London Stock Exchange","GBP"
"BMED","BANCA MEDIOLANUM","Finanzwesen","Aktien","3.243.638,25","0,03","3.243.638,25","165.915,00","19,55","Italien","Borsa Italiana","EUR"
"AZA","AVANZA BANK HOLDING","Finanzwesen","Aktien","3.202.886,35","0,03","3.202.886,35","99.191,00","32,29","Schweden","Nasdaq Omx Nordic","SEK"
"SW","SODEXO SA","Zyklische Konsumgüter ","Aktien","3.173.695,20","0,03","3.173.695,20","63.960,00","49,62","Frankreich","Nyse Euronext - Euronext Paris","EUR"
"WDP","WAREHOUSES DE PAUW NV","Immobilien","Aktien","3.172.540,20","0,03","3.172.540,20","146.470,00","21,66","Belgien","Nyse Euronext - Euronext Brussels","EUR"
"MBK","MBANK SA","Finanzwesen","Aktien","3.157.270,19","0,03","3.157.270,19","10.528,00","299,89","Polen","Warsaw Stock Exchange/Equities/Main Market","PLN"
"AYV","AYVENS SA","Industrie","Aktien","3.143.440,94","0,03","3.143.440,94","280.414,00","11,21","Frankreich","Nyse Euronext - Euronext Paris","EUR"
"NEM","NEMETSCHEK","IT","Aktien","3.140.068,45","0,03","3.140.068,45","48.721,00","64,45","Deutschland","Xetra","EUR"
"EMG","MAN GROUP PLC","Finanzwesen","Aktien","3.127.726,01","0,03","3.127.726,01","930.646,00","3,36","Vereinigtes Königreich","London Stock Exchange","GBP"
"SB1NO","SPAREBANK SR-NORGE","Finanzwesen","Aktien","3.104.900,82","0,03","3.104.900,82","179.862,00","17,26","Norwegen","Oslo Bors Asa","NOK"
"SECT B","SECTRA CLASS B","Gesundheitsversorgung","Aktien","3.101.755,44","0,03","3.101.755,44","115.402,00","26,88","Schweden","Nasdaq Omx Nordic","SEK"
"TEMN","TEMENOS AG","IT","Aktien","3.096.078,52","0,03","3.096.078,52","40.601,00","76,26","Schweiz","SIX Swiss Exchange","CHF"
"AAK","AAK","Nichtzyklische Konsumgüter","Aktien","3.093.900,40","0,03","3.093.900,40","141.236,00","21,91","Schweden","Nasdaq Omx Nordic","SEK"
"BKG","BERKELEY GROUP HOLDINGS (THE) PLC","Zyklische Konsumgüter ","Aktien","3.092.888,00","0,03","3.092.888,00","76.523,00","40,42","Vereinigtes Königreich","London Stock Exchange","GBP"
"MYCR","MYCRONIC","IT","Aktien","3.071.062,79","0,03","3.071.062,79","111.594,00","27,52","Schweden","Nasdaq Omx Nordic","SEK"
"USD","USD CASH","Cash und/oder Derivate","Geldmarkt","3.069.317,41","0,03","3.069.317,41","3.547.824,00","86,51","Vereinigte Staaten","-","USD"
"JMAT","JOHNSON MATTHEY PLC","Materialien","Aktien","3.066.589,01","0,03","3.066.589,01","127.305,00","24,09","Vereinigtes Königreich","London Stock Exchange","GBP"
"ENG","ENAGAS SA","Versorger","Aktien","3.063.251,61","0,03","3.063.251,61","176.353,00","17,37","Spanien","Bolsa De Madrid","EUR"
"BOL","BOLLORE","Energie","Aktien","3.043.150,92","0,03","3.043.150,92","554.308,00","5,49","Frankreich","Nyse Euronext - Euronext Paris","EUR"
"VAR","VAR ENERGI","Energie","Aktien","3.035.092,53","0,03","3.035.092,53","688.908,00","4,41","Norwegen","Oslo Bors Asa","NOK"
"VER","VERBUND AG","Versorger","Aktien","3.030.351,65","0,03","3.030.351,65","51.059,00","59,35","Österreich","Wiener Boerse Ag","EUR"
"ZEG","ZEGONA COMMUNICATIONS PLC","Kommunikation","Aktien","3.028.086,61","0,03","3.028.086,61","144.299,00","20,98","Vereinigtes Königreich","London Stock Exchange","GBP"
"RMV","RIGHTMOVE PLC","Kommunikation","Aktien","3.021.970,06","0,03","3.021.970,06","594.671,00","5,08","Vereinigtes Königreich","London Stock Exchange","GBP"
"GFC","GECINA SA","Immobilien","Aktien","3.020.947,20","0,03","3.020.947,20","42.192,00","71,60","Frankreich","Nyse Euronext - Euronext Paris","EUR"
"TEP","TELEPERFORMANCE","Industrie","Aktien","3.012.472,48","0,03","3.012.472,48","50.852,00","59,24","Frankreich","Nyse Euronext - Euronext Paris","EUR"
"LUND B","LUNDBERGFORETAGEN CLASS B","Finanzwesen","Aktien","3.008.626,60","0,03","3.008.626,60","60.568,00","49,67","Schweden","Nasdaq Omx Nordic","SEK"
"VEND","VEND MARKETPLACES ASA","Kommunikation","Aktien","3.009.186,59","0,03","3.009.186,59","129.430,00","23,25","Norwegen","Oslo Bors Asa","NOK"
"PSN","PERSIMMON PLC","Zyklische Konsumgüter ","Aktien","3.008.172,18","0,03","3.008.172,18","243.098,00","12,37","Vereinigtes Königreich","London Stock Exchange","GBP"
"DIE","DIETEREN (D) SA","Zyklische Konsumgüter ","Aktien","3.000.783,00","0,03","3.000.783,00","18.455,00","162,60","Belgien","Nyse Euronext - Euronext Brussels","EUR"
"INVP","INVESTEC PLC","Finanzwesen","Aktien","2.991.586,16","0,03","2.991.586,16","416.642,00","7,18","Vereinigtes Königreich","London Stock Exchange","GBP"
"BCVN","BC VAUD N","Finanzwesen","Aktien","2.983.982,65","0,03","2.983.982,65","23.233,00","128,44","Schweiz","SIX Swiss Exchange","CHF"
"GL9","GLANBIA PLC","Nichtzyklische Konsumgüter","Aktien","2.975.789,76","0,03","2.975.789,76","139.316,00","21,36","Irland","Irish Stock Exchange - All Market","EUR"
"PLUS","PLUS500 LTD","Finanzwesen","Aktien","2.971.363,94","0,03","2.971.363,94","55.487,00","53,55","Vereinigtes Königreich","London Stock Exchange","GBP"
"ENT","ENTAIN PLC","Zyklische Konsumgüter ","Aktien","2.959.755,63","0,03","2.959.755,63","460.154,00","6,43","Vereinigtes Königreich","London Stock Exchange","GBP"
"GETI B","GETINGE B","Gesundheitsversorgung","Aktien","2.954.424,95","0,03","2.954.424,95","165.715,00","17,83","Schweden","Nasdaq Omx Nordic","SEK"
"EVK","EVONIK INDUSTRIES AG","Materialien","Aktien","2.915.774,44","0,03","2.915.774,44","183.613,00","15,88","Deutschland","Xetra","EUR"
"INCH","INCHCAPE PLC","Zyklische Konsumgüter ","Aktien","2.903.785,30","0,03","2.903.785,30","305.590,00","9,50","Vereinigtes Königreich","London Stock Exchange","GBP"
"BZU","BUZZI","Materialien","Aktien","2.875.025,70","0,03","2.875.025,70","64.899,00","44,30","Italien","Borsa Italiana","EUR"
"ALLN","ALLREAL HOLDING AG","Immobilien","Aktien","2.852.081,51","0,03","2.852.081,51","12.897,00","221,14","Schweiz","SIX Swiss Exchange","CHF"
"AZM","AZIMUT HOLDING","Finanzwesen","Aktien","2.823.050,36","0,03","2.823.050,36","81.029,00","34,84","Italien","Borsa Italiana","EUR"
"A2A","A2A","Versorger","Aktien","2.823.646,54","0,03","2.823.646,54","1.259.432,00","2,24","Italien","Borsa Italiana","EUR"
"AG1","AUTO1 GROUP","Zyklische Konsumgüter ","Aktien","2.813.032,24","0,03","2.813.032,24","128.684,00","21,86","Deutschland","Xetra","EUR"
"SOF","SOFINA SA","Finanzwesen","Aktien","2.807.929,60","0,03","2.807.929,60","13.048,00","215,20","Belgien","Nyse Euronext - Euronext Brussels","EUR"
"SALM","SALMAR","Nichtzyklische Konsumgüter","Aktien","2.795.735,52","0,03","2.795.735,52","57.017,00","49,03","Norwegen","Oslo Bors Asa","NOK"
"AALB","AALBERTS NV","Industrie","Aktien","2.790.423,48","0,03","2.790.423,48","73.086,00","38,18","Niederlande","Euronext Amsterdam","EUR"
"ITV","ITV PLC","Kommunikation","Aktien","2.773.753,96","0,03","2.773.753,96","2.897.866,00","0,96","Vereinigtes Königreich","London Stock Exchange","GBP"
"BBOX","TRITAX BIG BOX REIT PLC","Immobilien","Aktien","2.739.066,81","0,03","2.739.066,81","1.634.509,00","1,68","Vereinigtes Königreich","London Stock Exchange","GBP"
"MAP","MAPFRE SA","Finanzwesen","Aktien","2.730.559,99","0,03","2.730.559,99","696.927,00","3,92","Spanien","Bolsa De Madrid","EUR"
"FLS","FLSMIDTH AND CO CLASS B","Industrie","Aktien","2.704.760,34","0,03","2.704.760,34","38.108,00","70,98","Dänemark","Omx Nordic Exchange Copenhagen A/S","DKK"
"RAA","RATIONAL AG","Industrie","Aktien","2.703.722,00","0,03","2.703.722,00","4.109,00","658,00","Deutschland","Xetra","EUR"
"CDR","CD PROJEKT SA","Kommunikation","Aktien","2.689.495,27","0,03","2.689.495,27","50.077,00","53,71","Polen","Warsaw Stock Exchange/Equities/Main Market","PLN"
"FTK","FLATEXDEGIRO N","Finanzwesen","Aktien","2.687.903,68","0,03","2.687.903,68","79.336,00","33,88","Deutschland","Xetra","EUR"
"BIM","BIOMERIEUX SA","Gesundheitsversorgung","Aktien","2.683.429,75","0,03","2.683.429,75","36.835,00","72,85","Frankreich","Nyse Euronext - Euronext Paris","EUR"
"VSURE","VERISURE PLC","Industrie","Aktien","2.671.664,58","0,03","2.671.664,58","243.321,00","10,98","Schweden","Nasdaq Omx Nordic","EUR"
"GF","GEORG FISCHER AG","Industrie","Aktien","2.617.779,72","0,03","2.617.779,72","55.910,00","46,82","Schweiz","SIX Swiss Exchange","CHF"
"DRX","DRAX GROUP PLC","Versorger","Aktien","2.605.518,76","0,03","2.605.518,76","282.996,00","9,21","Vereinigtes Königreich","London Stock Exchange","GBP"
"VALMT","VALMET CORP","Industrie","Aktien","2.563.809,00","0,03","2.563.809,00","114.150,00","22,46","Finnland","Nasdaq Omx Helsinki Ltd.","EUR"
"CVC","CVC CAPITAL PARTNERS PLC","Finanzwesen","Aktien","2.548.855,15","0,03","2.548.855,15","199.285,00","12,79","Niederlande","Euronext Amsterdam","EUR"
"OCTV SDB","OCTAVE INTELLIGENCE SDR PLC","IT","Aktien","2.542.790,60","0,03","2.542.790,60","166.583,00","15,26","Schweden","Nasdaq Omx Nordic","SEK"
"SFZN","SIEGFRIED HOLDING AG","Gesundheitsversorgung","Aktien","2.532.835,15","0,02","2.532.835,15","29.675,00","85,35","Schweiz","SIX Swiss Exchange","CHF"
"DNP","DINO POLSKA SA","Nichtzyklische Konsumgüter","Aktien","2.524.186,05","0,02","2.524.186,05","362.314,00","6,97","Polen","Warsaw Stock Exchange/Equities/Main Market","PLN"
"SRP","SERCO GROUP PLC","Industrie","Aktien","2.524.676,72","0,02","2.524.676,72","858.949,00","2,94","Vereinigtes Königreich","London Stock Exchange","GBP"
"RS1","RS GROUP PLC","Industrie","Aktien","2.521.119,19","0,02","2.521.119,19","335.430,00","7,52","Vereinigtes Königreich","London Stock Exchange","GBP"
"BKW","BKW N AG","Versorger","Aktien","2.513.510,79","0,02","2.513.510,79","15.771,00","159,38","Schweiz","SIX Swiss Exchange","CHF"
"MNDI","MONDI PLC","Materialien","Aktien","2.501.278,66","0,02","2.501.278,66","288.436,00","8,67","Vereinigtes Königreich","London Stock Exchange","GBP"
"HER","HERA","Versorger","Aktien","2.499.523,22","0,02","2.499.523,22","652.958,00","3,83","Italien","Borsa Italiana","EUR"
"UNI","UNICAJA BANCO SA","Finanzwesen","Aktien","2.499.089,64","0,02","2.499.089,64","886.202,00","2,82","Spanien","Bolsa De Madrid","EUR"
"ZAB","ZABKA GROUP SOCIETE ANONYME SA","Nichtzyklische Konsumgüter","Aktien","2.488.968,63","0,02","2.488.968,63","428.276,00","5,81","Polen","Warsaw Stock Exchange/Equities/Main Market","PLN"
"CWK","CRANSWICK PLC","Nichtzyklische Konsumgüter","Aktien","2.474.080,56","0,02","2.474.080,56","38.913,00","63,58","Vereinigtes Königreich","London Stock Exchange","GBP"
"CPR","DAVIDE CAMPARI MILANO NV","Nichtzyklische Konsumgüter","Aktien","2.466.256,09","0,02","2.466.256,09","446.462,00","5,52","Italien","Borsa Italiana","EUR"
"EVD","CTS EVENTIM AG","Kommunikation","Aktien","2.457.020,70","0,02","2.457.020,70","45.249,00","54,30","Deutschland","Xetra","EUR"
"SAGA B","SAGAX CLASS B","Immobilien","Aktien","2.456.012,21","0,02","2.456.012,21","168.811,00","14,55","Schweden","Nasdaq Omx Nordic","SEK"
"FR","VALEO","Zyklische Konsumgüter ","Aktien","2.456.334,72","0,02","2.456.334,72","162.456,00","15,12","Frankreich","Nyse Euronext - Euronext Paris","EUR"
"FNTN","FREENET AG","Kommunikation","Aktien","2.434.614,16","0,02","2.434.614,16","97.229,00","25,04","Deutschland","Xetra","EUR"
"BGN","BANCA GENERALI","Finanzwesen","Aktien","2.434.631,85","0,02","2.434.631,85","43.749,00","55,65","Italien","Borsa Italiana","EUR"
"TW.","TAYLOR WIMPEY PLC","Zyklische Konsumgüter ","Aktien","2.415.092,62","0,02","2.415.092,62","2.694.997,00","0,90","Vereinigtes Königreich","London Stock Exchange","GBP"
"WPP","WPP PLC","Kommunikation","Aktien","2.410.745,24","0,02","2.410.745,24","792.400,00","3,04","Vereinigtes Königreich","London Stock Exchange","GBP"
"DEMANT","DEMANT","Gesundheitsversorgung","Aktien","2.389.582,98","0,02","2.389.582,98","70.819,00","33,74","Dänemark","Omx Nordic Exchange Copenhagen A/S","DKK"
"RUI","RUBIS","Versorger","Aktien","2.375.094,78","0,02","2.375.094,78","67.131,00","35,38","Frankreich","Nyse Euronext - Euronext Paris","EUR"
"BALD B","FASTIGHETS BALDER CLASS B","Immobilien","Aktien","2.374.135,84","0,02","2.374.135,84","514.735,00","4,61","Schweden","Nasdaq Omx Nordic","SEK"
"PNN","PENNON GROUP PLC","Versorger","Aktien","2.344.329,72","0,02","2.344.329,72","393.830,00","5,95","Vereinigtes Königreich","London Stock Exchange","GBP"
"BFT","BENEFIT SYSTEMS SA","Industrie","Aktien","2.338.193,95","0,02","2.338.193,95","2.199,00","1.063,30","Polen","Warsaw Stock Exchange/Equities/Main Market","PLN"
"NOD","NORDIC SEMICONDUCTOR","IT","Aktien","2.337.159,93","0,02","2.337.159,93","131.744,00","17,74","Norwegen","Oslo Bors Asa","NOK"
"WIE","WIENERBERGER AG","Materialien","Aktien","2.326.413,48","0,02","2.326.413,48","97.421,00","23,88","Österreich","Wiener Boerse Ag","EUR"
"KGX","KION GROUP AG","Industrie","Aktien","2.320.778,00","0,02","2.320.778,00","57.445,00","40,40","Deutschland","Xetra","EUR"
"TUI1","TUI N AG","Zyklische Konsumgüter ","Aktien","2.299.070,70","0,02","2.299.070,70","335.925,00","6,84","Vereinigtes Königreich","Xetra","EUR"
"AXFO","AXFOOD","Nichtzyklische Konsumgüter","Aktien","2.291.475,95","0,02","2.291.475,95","94.908,00","24,14","Schweden","Nasdaq Omx Nordic","SEK"
"IP","INTERPUMP GROUP","Industrie","Aktien","2.289.104,40","0,02","2.289.104,40","66.660,00","34,34","Italien","Borsa Italiana","EUR"
"BC","BRUNELLO CUCINELLI","Zyklische Konsumgüter ","Aktien","2.286.436,08","0,02","2.286.436,08","27.574,00","82,92","Italien","Borsa Italiana","EUR"
"ADEN","ADECCO GROUP AG","Industrie","Aktien","2.265.630,75","0,02","2.265.630,75","125.589,00","18,04","Schweiz","SIX Swiss Exchange","CHF"
"PIRC","PIRELLI & C","Zyklische Konsumgüter ","Aktien","2.233.674,00","0,02","2.233.674,00","372.279,00","6,00","Italien","Borsa Italiana","EUR"
"KBCA","KBC ANCORA NV","Finanzwesen","Aktien","2.218.795,70","0,02","2.218.795,70","28.853,00","76,90","Belgien","Nyse Euronext - Euronext Brussels","EUR"
"QQ.","QINETIQ GROUP PLC","Industrie","Aktien","2.214.547,86","0,02","2.214.547,86","406.337,00","5,45","Vereinigtes Königreich","London Stock Exchange","GBP"
"TCAP","TP ICAP GROUP PLC","Finanzwesen","Aktien","2.209.821,18","0,02","2.209.821,18","603.460,00","3,66","Vereinigtes Königreich","London Stock Exchange","GBP"
"SUNN","SUNRISE N CLASS A LTD","Kommunikation","Aktien","2.208.612,09","0,02","2.208.612,09","48.995,00","45,08","Schweiz","SIX Swiss Exchange","CHF"
"ADP","AEROPORTS DE PARIS SA","Industrie","Aktien","2.205.805,00","0,02","2.205.805,00","20.615,00","107,00","Frankreich","Nyse Euronext - Euronext Paris","EUR"
"LOOMIS","LOOMIS CLASS B","Industrie","Aktien","2.190.623,06","0,02","2.190.623,06","53.162,00","41,21","Schweden","Nasdaq Omx Nordic","SEK"
"COV","COVIVIO SA","Immobilien","Aktien","2.170.978,65","0,02","2.170.978,65","40.617,00","53,45","Frankreich","Nyse Euronext - Euronext Paris","EUR"
"CMBN","CEMBRA MONEY BANK AG","Finanzwesen","Aktien","2.161.090,58","0,02","2.161.090,58","20.893,00","103,44","Schweiz","SIX Swiss Exchange","CHF"
"UTG","UNITE GROUP PLC","Immobilien","Aktien","2.159.531,47","0,02","2.159.531,47","368.521,00","5,86","Vereinigtes Königreich","London Stock Exchange","GBP"
"RAND","RANDSTAD HOLDING","Industrie","Aktien","2.159.634,24","0,02","2.159.634,24","78.934,00","27,36","Niederlande","Euronext Amsterdam","EUR"
"SUN","SULZER AG","Industrie","Aktien","2.154.616,59","0,02","2.154.616,59","12.885,00","167,22","Schweiz","SIX Swiss Exchange","CHF"
"AAF","AIRTEL AFRICA PLC","Kommunikation","Aktien","2.151.720,90","0,02","2.151.720,90","547.106,00","3,93","Vereinigtes Königreich","London Stock Exchange","GBP"
"VATN","VALIANT HOLDING AG","Finanzwesen","Aktien","2.143.222,27","0,02","2.143.222,27","12.235,00","175,17","Schweiz","SIX Swiss Exchange","CHF"
"GRF","GRIFOLS SA CLASS A","Gesundheitsversorgung","Aktien","2.132.316,61","0,02","2.132.316,61","235.407,00","9,06","Spanien","Bolsa De Madrid","EUR"
"ROR","ROTORK PLC","Industrie","Aktien","2.121.844,22","0,02","2.121.844,22","599.926,00","3,54","Vereinigtes Königreich","London Stock Exchange","GBP"
"PUM","PUMA","Zyklische Konsumgüter ","Aktien","2.117.433,64","0,02","2.117.433,64","79.186,00","26,74","Deutschland","Xetra","EUR"
"LIGHT","SIGNIFY NV","Industrie","Aktien","2.114.989,76","0,02","2.114.989,76","100.906,00","20,96","Niederlande","Euronext Amsterdam","EUR"
"BC8","BECHTLE AG","IT","Aktien","2.104.365,48","0,02","2.104.365,48","65.191,00","32,28","Deutschland","Xetra","EUR"
"SCYR","SACYR SA","Industrie","Aktien","2.102.360,83","0,02","2.102.360,83","459.432,00","4,58","Spanien","Bolsa De Madrid","EUR"
"ZEAL","ZEALAND PHARMA","Gesundheitsversorgung","Aktien","2.079.075,15","0,02","2.079.075,15","47.624,00","43,66","Dänemark","Omx Nordic Exchange Copenhagen A/S","DKK"
"HUH1V","HUHTAMAKI","Materialien","Aktien","2.079.516,16","0,02","2.079.516,16","77.248,00","26,92","Finnland","Nasdaq Omx Helsinki Ltd.","EUR"
"TEG","TAG IMMOBILIEN AG","Immobilien","Aktien","2.073.314,24","0,02","2.073.314,24","158.027,00","13,12","Deutschland","Xetra","EUR"
"ACP","ASSECO POLAND SA","IT","Aktien","2.052.030,69","0,02","2.052.030,69","45.474,00","45,13","Polen","Warsaw Stock Exchange/Equities/Main Market","PLN"
"FDJU","FDJ UNITED","Zyklische Konsumgüter ","Aktien","2.038.767,54","0,02","2.038.767,54","89.774,00","22,71","Frankreich","Nyse Euronext - Euronext Paris","EUR"
"ARCAD","ARCADIS NV","Industrie","Aktien","2.035.356,96","0,02","2.035.356,96","57.561,00","35,36","Niederlande","Euronext Amsterdam","EUR"
"SWEC B","SWECO CLASS B","Industrie","Aktien","2.034.120,29","0,02","2.034.120,29","167.860,00","12,12","Schweden","Nasdaq Omx Nordic","SEK"
"MOBN","MOBIMO HOLDING AG","Immobilien","Aktien","2.016.268,75","0,02","2.016.268,75","5.484,00","367,66","Schweiz","SIX Swiss Exchange","CHF"
"IVG","IVECO GROUP NV","Industrie","Aktien","2.007.099,60","0,02","2.007.099,60","144.240,00","13,91","Italien","Borsa Italiana","EUR"
"HIK","HIKMA PHARMACEUTICALS PLC","Gesundheitsversorgung","Aktien","1.975.065,53","0,02","1.975.065,53","115.937,00","17,04","Vereinigtes Königreich","London Stock Exchange","GBP"
"VPK","KONINKLIJKE VOPAK NV","Energie","Aktien","1.967.206,56","0,02","1.967.206,56","42.251,00","46,56","Niederlande","Euronext Amsterdam","EUR"
"VIS","VISCOFAN SA","Nichtzyklische Konsumgüter","Aktien","1.956.437,50","0,02","1.956.437,50","34.025,00","57,50","Spanien","Bolsa De Madrid","EUR"
"GBF","BILFINGER","Industrie","Aktien","1.954.185,60","0,02","1.954.185,60","24.096,00","81,10","Deutschland","Xetra","EUR"
"LATO B","LATOUR INVESTMENT CLASS B","Industrie","Aktien","1.920.284,59","0,02","1.920.284,59","106.694,00","18,00","Schweden","Nasdaq Omx Nordic","SEK"
"REY","REPLY","IT","Aktien","1.912.088,00","0,02","1.912.088,00","18.280,00","104,60","Italien","Borsa Italiana","EUR"
"ALLFG","ALLFUNDS GROUP PLC","Finanzwesen","Aktien","1.910.954,43","0,02","1.910.954,43","224.686,00","8,51","Niederlande","Euronext Amsterdam","EUR"
"SBNOR","SPAREBANKEN NORGE","Finanzwesen","Aktien","1.896.399,58","0,02","1.896.399,58","111.384,00","17,03","Norwegen","Oslo Bors Asa","NOK"
"ROCK B","ROCKWOOL CLASS B","Industrie","Aktien","1.887.718,06","0,02","1.887.718,06","70.795,00","26,66","Dänemark","Omx Nordic Exchange Copenhagen A/S","DKK"
"ING","ING BANK SLASKI SA","Finanzwesen","Aktien","1.887.991,38","0,02","1.887.991,38","18.460,00","102,27","Polen","Warsaw Stock Exchange/Equities/Main Market","PLN"
"RBREW","ROYAL UNIBREW","Nichtzyklische Konsumgüter","Aktien","1.886.925,97","0,02","1.886.925,97","34.772,00","54,27","Dänemark","Omx Nordic Exchange Copenhagen A/S","DKK"
"TOM","TOMRA SYSTEMS","Industrie","Aktien","1.878.918,73","0,02","1.878.918,73","213.707,00","8,79","Norwegen","Oslo Bors Asa","NOK"
"QLT","QUILTER PLC","Finanzwesen","Aktien","1.876.276,22","0,02","1.876.276,22","850.016,00","2,21","Vereinigtes Königreich","London Stock Exchange","GBP"
"HOLM B","HOLMEN CLASS B","Materialien","Aktien","1.870.146,63","0,02","1.870.146,63","64.720,00","28,90","Schweden","Nasdaq Omx Nordic","SEK"
"MANTA","MANDATUM","Finanzwesen","Aktien","1.863.218,16","0,02","1.863.218,16","339.384,00","5,49","Finnland","Nasdaq Omx Helsinki Ltd.","EUR"
"VZN","VZ HOLDING AG","Finanzwesen","Aktien","1.839.217,95","0,02","1.839.217,95","11.692,00","157,31","Schweiz","SIX Swiss Exchange","CHF"
"FPE3","FUCHS PREF","Materialien","Aktien","1.834.630,56","0,02","1.834.630,56","47.628,00","38,52","Deutschland","Xetra","EUR"
"JD.","JD SPORTS FASHION PLC","Zyklische Konsumgüter ","Aktien","1.834.286,67","0,02","1.834.286,67","1.874.850,00","0,98","Vereinigtes Königreich","London Stock Exchange","GBP"
"TPE","TAURON POLSKA ENERGIA SA","Versorger","Aktien","1.815.420,48","0,02","1.815.420,48","828.863,00","2,19","Polen","Warsaw Stock Exchange/Equities/Main Market","PLN"
"SFSN","SFS GROUP AG","Industrie","Aktien","1.800.660,19","0,02","1.800.660,19","12.954,00","139,00","Schweiz","SIX Swiss Exchange","CHF"
"TBCG","TBC BANK GROUP PLC","Finanzwesen","Aktien","1.797.983,75","0,02","1.797.983,75","35.462,00","50,70","Vereinigtes Königreich","London Stock Exchange","GBP"
"FRA","FRAPORT FRANKFURT AIRPORT SERVICES","Industrie","Aktien","1.798.316,70","0,02","1.798.316,70","26.407,00","68,10","Deutschland","Xetra","EUR"
"DLG","DELONGHI","Zyklische Konsumgüter ","Aktien","1.797.755,50","0,02","1.797.755,50","50.641,00","35,50","Italien","Borsa Italiana","EUR"
"BWY","BELLWAY PLC","Zyklische Konsumgüter ","Aktien","1.793.219,36","0,02","1.793.219,36","85.265,00","21,03","Vereinigtes Königreich","London Stock Exchange","GBP"
"BME","B&M EUROPEAN VALUE RETAIL PLC","Zyklische Konsumgüter ","Aktien","1.765.641,57","0,02","1.765.641,57","735.101,00","2,40","Vereinigtes Königreich","London Stock Exchange","GBP"
"PHP","PRIMARY HEALTH PROPERTIES REIT PLC","Immobilien","Aktien","1.749.790,36","0,02","1.749.790,36","1.673.214,00","1,05","Vereinigtes Königreich","London Stock Exchange","GBP"
"SDF","K+S N AG","Materialien","Aktien","1.745.222,60","0,02","1.745.222,60","122.903,00","14,20","Deutschland","Xetra","EUR"
"CSG","CSG CLASS A NV","Industrie","Aktien","1.730.110,46","0,02","1.730.110,46","116.224,00","14,89","Niederlande","Euronext Amsterdam","EUR"
"SHC","SHAFTESBURY CAPITAL PLC","Immobilien","Aktien","1.705.930,01","0,02","1.705.930,01","1.128.766,00","1,51","Vereinigtes Königreich","London Stock Exchange","GBP"
"NEXI","NEXI","Finanzwesen","Aktien","1.703.400,02","0,02","1.703.400,02","506.211,00","3,37","Italien","Borsa Italiana","EUR"
"DKSH","DKSH HOLDING AG","Industrie","Aktien","1.687.071,66","0,02","1.687.071,66","24.621,00","68,52","Schweiz","SIX Swiss Exchange","CHF"
"KMAR","KONGSBERG MARITIME","Industrie","Aktien","1.677.558,59","0,02","1.677.558,59","344.708,00","4,87","Norwegen","Oslo Bors Asa","NOK"
"HIAB","HIAB CORPORATION CLASS B","Industrie","Aktien","1.659.693,15","0,02","1.659.693,15","29.041,00","57,15","Finnland","Nasdaq Omx Helsinki Ltd.","EUR"
"MTO","MITIE GROUP PLC","Industrie","Aktien","1.650.787,53","0,02","1.650.787,53","863.894,00","1,91","Vereinigtes Königreich","London Stock Exchange","GBP"
"THULE","THULE GROUP","Zyklische Konsumgüter ","Aktien","1.621.802,08","0,02","1.621.802,08","83.710,00","19,37","Schweden","Nasdaq Omx Nordic","SEK"
"PUIG","PUIG BRANDS SA CLASS B","Nichtzyklische Konsumgüter","Aktien","1.611.784,44","0,02","1.611.784,44","100.548,00","16,03","Spanien","Bolsa De Madrid","EUR"
"SOP","SOPRA STERIA GROUP","IT","Aktien","1.608.771,80","0,02","1.608.771,80","10.718,00","150,10","Frankreich","Nyse Euronext - Euronext Paris","EUR"
"INW","INFRASTRUTTURE WIRELESS ITALIANE","Kommunikation","Aktien","1.604.494,08","0,02","1.604.494,08","238.764,00","6,72","Italien","Borsa Italiana","EUR"
"KEMIRA","KEMIRA","Materialien","Aktien","1.603.195,60","0,02","1.603.195,60","89.564,00","17,90","Finnland","Nasdaq Omx Helsinki Ltd.","EUR"
"VID","VIDRALA SA","Materialien","Aktien","1.576.617,90","0,02","1.576.617,90","20.449,00","77,10","Spanien","Bolsa De Madrid","EUR"
"AMV0","AUMOVIO N","Zyklische Konsumgüter ","Aktien","1.573.897,20","0,02","1.573.897,20","39.896,00","39,45","Deutschland","Xetra","EUR"
"MF","WENDEL","Finanzwesen","Aktien","1.568.480,40","0,02","1.568.480,40","18.943,00","82,80","Frankreich","Nyse Euronext - Euronext Paris","EUR"
"CAMX","CAMURUS","Gesundheitsversorgung","Aktien","1.535.998,55","0,02","1.535.998,55","30.583,00","50,22","Schweden","Nasdaq Omx Nordic","SEK"
"EZJ","EASYJET PLC","Industrie","Aktien","1.517.949,91","0,01","1.517.949,91","277.872,00","5,46","Vereinigtes Königreich","London Stock Exchange","GBP"
"PAF","PAN AFRICAN RESOURCES PLC","Materialien","Aktien","1.485.053,58","0,01","1.485.053,58","1.205.185,00","1,23","Vereinigtes Königreich","London Stock Exchange","GBP"
"BUCN","BUCHER INDUSTRIES AG","Industrie","Aktien","1.477.616,65","0,01","1.477.616,65","4.306,00","343,15","Schweiz","SIX Swiss Exchange","CHF"
"BYG","BIG YELLOW GROUP PLC","Immobilien","Aktien","1.477.494,73","0,01","1.477.494,73","155.017,00","9,53","Vereinigtes Königreich","London Stock Exchange","GBP"
"BPT","BRIDGEPOINT GROUP PLC","Finanzwesen","Aktien","1.471.426,67","0,01","1.471.426,67","508.627,00","2,89","Vereinigtes Königreich","London Stock Exchange","GBP"
"DLN","DERWENT LONDON REIT PLC","Immobilien","Aktien","1.470.019,35","0,01","1.470.019,35","71.917,00","20,44","Vereinigtes Königreich","London Stock Exchange","GBP"
"BAVA","BAVARIAN NORDIC","Gesundheitsversorgung","Aktien","1.427.484,29","0,01","1.427.484,29","58.431,00","24,43","Dänemark","Omx Nordic Exchange Copenhagen A/S","DKK"
"HOC","HOCHSCHILD MINING PLC","Materialien","Aktien","1.427.564,45","0,01","1.427.564,45","227.641,00","6,27","Vereinigtes Königreich","London Stock Exchange","GBP"
"CDI","CHRISTIAN DIOR","Zyklische Konsumgüter ","Aktien","1.376.089,40","0,01","1.376.089,40","3.073,00","447,80","Frankreich","Nyse Euronext - Euronext Paris","EUR"
"WIHL","WIHLBORGS FASTIGHETER","Immobilien","Aktien","1.373.206,89","0,01","1.373.206,89","188.415,00","7,29","Schweden","Nasdaq Omx Nordic","SEK"
"AMBU B","AMBU CLASS B","Gesundheitsversorgung","Aktien","1.362.192,81","0,01","1.362.192,81","154.265,00","8,83","Dänemark","Omx Nordic Exchange Copenhagen A/S","DKK"
"BAKKA","BAKKAFROST","Nichtzyklische Konsumgüter","Aktien","1.331.864,39","0,01","1.331.864,39","34.404,00","38,71","Norwegen","Oslo Bors Asa","NOK"
"WALL B","WALLENSTAM CLASS B","Immobilien","Aktien","1.268.463,97","0,01","1.268.463,97","361.983,00","3,50","Schweden","Nasdaq Omx Nordic","SEK"
"NOK","NOK CASH","Cash und/oder Derivate","Geldmarkt","664.375,64","0,01","664.375,64","7.235.411,00","9,18","Norwegen","-","NOK"
"PLN","PLN CASH","Cash und/oder Derivate","Geldmarkt","442.901,71","0,00","442.901,71","1.878.575,00","23,58","Polen","-","PLN"
"DKK","DKK CASH","Cash und/oder Derivate","Geldmarkt","302.657,93","0,00","302.657,93","2.262.168,00","13,38","Dänemark","-","DKK"
"VIS.D","DERECHOS VISCOFAN, S.A. SA","Nichtzyklische Konsumgüter","Aktien","62.340,61","0,00","62.340,61","34.025,00","1,83","Spanien","Bolsa De Madrid","EUR"
"GEL","GEL CASH(COMMITTED)","Cash und/oder Derivate","Geldmarkt","44.601,13","0,00","44.601,13","137.238,00","32,50","Georgien","-","GEL"
"ETD_EUR","ETD EUR BALANCE WITH R84910","Cash und/oder Derivate","Geldmarkt","0,00","0,00","0,00","0,00","100,00","Europäische Union","-","EUR"
"CHF","CHF/EUR","Cash und/oder Derivate","FX","-48,54","0,00","-48,54","3.150.139,00","1,00","Europäische Union","-","EUR"
"GBP","GBP/EUR","Cash und/oder Derivate","FX","-22,13","0,00","-22,13","424.585,00","1,00","Europäische Union","-","EUR"
"SEK","SEK/EUR","Cash und/oder Derivate","FX","-8,11","0,00","-8,11","8.418.271,00","1,00","Europäische Union","-","EUR"
"USD","USD/EUR","Cash und/oder Derivate","FX","-5,40","0,00","-5,40","601.166,00","1,00","Europäische Union","-","EUR"
"LEGGR","LEG IMMOBILIEN COUPON","Immobilien","Aktien","0,63","0,00","0,63","63.430,00","0,00","Deutschland","Xetra","EUR"
"SXOM6","STOXX EUROPE 600 JUN 26","Cash und/oder Derivate","Futures","0,00","0,00","47.488.500,00","1.525,00","622,80","Europäische Union","Eurex Deutschland","EUR"
"USD","USD/EUR","Cash und/oder Derivate","FX","-5.036,02","0,00","-5.036,02","-938.841,00","1,00","Europäische Union","-","EUR"
"SEK","SEK CASH","Cash und/oder Derivate","Geldmarkt","-441.254,68","0,00","-441.254,68","-4.810.196,00","9,17","Schweden","-","SEK"
"CHF","CHF CASH","Cash und/oder Derivate","Geldmarkt","-3.009.952,23","-0,03","-3.009.952,23","-2.763.010,00","108,94","Schweiz","-","CHF"
 